,Unnamed: 0,m_link,Name,Price,Product_price,Discount,Shop,Brand,Sold,Warranty,Warranty_way,Warranty_place,From,Rate,Comment,5,4,3,2,1
0,0,https://tiki.vn/chuot-may-vi-tinh-bosston-d608-led-hang-chinh-hang-p9355345.html?spid=56764717,Chuột máy vi tính Bosston D608 led - Hàng Chính Hãng,57.100 ₫,60.000 ₫,-5%,,Thương hiệu: Bosston,Đã bán 364,0,0,0,D608,4.7,93 nhận xét,78,8,5,0,2
1,1,https://tiki.vn/chuot-may-tinh-co-day-edra-em602-do-phan-giai-1200-dpi-choi-game-cho-laptop-hang-chinh-hang-p74463237.html?spid=90107321,"Chuột máy tính có dây EDRA EM602 Độ Phân Giải 1200 DPI, chơi game, cho Laptop hàng chính hãng",148.000 ₫,Non,Non,Extreme Zero Online,Thương hiệu: E-DRA,Đã bán 85,24 Tháng,Tem bảo hành,Bảo hành chính hãng,1200 dpi,4.9,24 nhận xét,22,2,0,0,0
2,2,https://tiki.vn/chuot-may-tinh-co-day-g5-es-chuot-gaming-dpi-4-cap-do-hieu-ung-den-nen-7-mau-hang-nhap-khau-p75614175.html?spid=91088172,"Chuột máy tính có dây G5 ES, chuột gaming DPI 4 cấp độ, hiệu ứng đèn nền 7 màu- Hàng nhập khẩu",129.000 ₫,Non,Non,HOÀNG NHÂN COMPUTER,Thương hiệu: Zealot,Đã bán 185,3 Tháng,Tem bảo hành,Bảo hành bởi nhà bán hàng thông qua Tiki,123*66*37mm,4.7,64 nhận xét,53,7,0,1,3
3,3,https://tiki.vn/chuot-may-tinh-newmen-g10-hang-chinh-hang-p7975728.html?spid=7975732,Chuột máy tính Newmen G10 - Hàng Chính Hãng,145.000 ₫,Non,Non,Vi Tính Lê Huy,Thương hiệu: Newmen,Đã bán 1000+,0,0,0,116 x 63 x 37 mm,4.7,135 nhận xét,106,20,6,0,3
4,4,https://tiki.vn/chuot-may-tinh-van-phong-tang-lot-chuot-cao-cap-p86900816.html?spid=120777689,Chuột máy tính văn phòng Tặng lót chuột cao cấp,158.000 ₫,Non,Non,VLC6 Store,Thương hiệu: OEM,Đã bán 55,0,0,0,Trung Quốc,5,9 nhận xét,9,0,0,0,0
5,5,https://tiki.vn/chuot-van-phong-co-day-chuot-game-hxsj-a885-dpi-5500-rgb-doi-7-mau-lien-tuc-hang-chinh-hang-p121169235.html?spid=121169237,"Chuột văn phòng có dây, chuột Game HXSJ A885 DPI 5500, RGB đổi 7 màu liên tục, chuyên dùng cho laptop, máy tính, pc - Hàng chính hãng",192.000 ₫,299.000 ₫,-36%,HXSJ Official Store,Thương hiệu: HXSJ,Đã bán 39,6 Tháng,Hóa đơn,Bảo hành bởi nhà bán hàng thông qua Tiki,"sản phẩm: 12* 7* 4.5cm
Trọng lượng: 128g
kích thước đóng gói：13.5*10.9*4.7cm
Trọng lượng đóng hộp：158g",5,13 nhận xét,13,0,0,0,0
6,6,https://tiki.vn/chuot-may-tinh-cao-cap-p56288980.html?spid=58946387,Chuột máy tính cao cấp,81.440 ₫,Non,Non,vinet shop,Thương hiệu: OEM,Đã bán 204,1 Tháng,Tem bảo hành,Bảo hành bởi nhà bán hàng thông qua Tiki,0,4.5,79 nhận xét,51,18,8,1,1
7,7,https://tiki.vn/chuot-may-tinh-co-day-prolink-pmc1006-bdlu-den-xanh-cam-bien-quang-hoc-1000dpi-hang-chinh-hang-p112529886.html?spid=112529887,"Chuột máy tính có dây PROLiNK PMC1006 BDLU (đen xanh), cảm biến quang học 1000DPI - Hàng chính hãng",89.000 ₫,120.000 ₫,-26%,,Thương hiệu: Prolink,Đã bán 15,1 Năm,Tem bảo hành,Bảo hành chính hãng,"100.8 x 60 x 36 mm (Mouse)
90 x 40 x 125mm (with box)",5,4 nhận xét,4,0,0,0,0
8,8,https://tiki.vn/chuot-may-vi-tinh-bosston-d608-led-den-hang-chinh-hang-p11191145.html?spid=48957656,Chuột máy vi tính Bosston D608 LED - Đen-Hàng Chính Hãng,57.400 ₫,Non,Non,VI TÍNH NAM TRUNG HẢI,Thương hiệu: Bosston,Đã bán 111,0,0,0,0,4.7,29 nhận xét,22,5,1,1,0
9,9,https://tiki.vn/chuot-led-ghost-wolf-g830-cho-may-tinh-hang-nhap-khau-p95528617.html?spid=95528618,Chuột led Ghost Wolf G830 cho máy tính - hàng nhập khẩu,125.000 ₫,Non,Non,Tech7,Thương hiệu: Ghost Wolf,Đã bán 35,3 Tháng,Phiếu bảo hành,Bảo hành bởi nhà bán hàng thông qua Tiki,Trung Quốc,4.4,11 nhận xét,7,3,0,0,1
10,10,https://tiki.vn/chuot-may-tinh-co-day-van-phong-langtu-lm-106-hang-chinh-hang-p12255324.html?spid=12255325,Chuột máy tính có dây văn phòng Langtu LM-106 - Hàng Chính Hãng,69.000 ₫,Non,Non,Nguyễn Ninh Media,Thương hiệu: Langtu,Đã bán 18,0,0,12 Tháng,0,4,1 nhận xét,0,1,0,0,0
11,11,https://tiki.vn/chuot-day-genius-dx-110-chuot-may-tinh-co-day-chinh-hang-genius-bh-12t-p107411431.html?spid=107411432,Chuột dây Genius DX-110 chuột máy tính có dây chính hãng Genius BH 12T,149.000 ₫,Non,Non,Siêu Thị NaNo,Thương hiệu: Genius,Đã bán 21,0,0,0,Việt Nam,4.3,6 nhận xét,5,0,0,0,1
12,12,https://tiki.vn/chuot-may-tinh-co-day-hieu-newmen-m180-hang-chinh-hang-p106887701.html?spid=106887703,Chuột máy tính có dây hiệu Newmen M180 - Hàng chính hãng,99.000 ₫,Non,Non,CỬA HÀNG TB VIỄN THÔNG,Thương hiệu: Newmen,0,0,Điện tử,Bảo hành bởi nhà bán hàng thông qua Tiki,Việt Nam,Non,Non,0,0,0,0,0
13,13,https://tiki.vn/chuot-may-tinh-co-day-b100-den-kem-lot-chuot-p54513941.html?spid=110696183,Chuột Máy Tính Có Dây B100 (Đen) Kèm Lót Chuột,158.000 ₫,Non,Non,VLC6 Store,Thương hiệu: OEM,Đã bán 17,0,0,0,Trung Quốc,4.8,5 nhận xét,4,1,0,0,0
14,14,https://tiki.vn/chuot-may-tinh-led-1602-hang-nhap-khau-p84107995.html?spid=84107997,CHUỘT MÁY TÍNH LED 1602 - Hàng nhập khẩu,43.500 ₫,Non,Non,VI TÍNH NAM TRUNG HẢI,Thương hiệu: R8,Đã bán 69,0,0,0,Việt Nam,4.4,19 nhận xét,13,4,0,1,1
15,15,https://tiki.vn/chuot-may-tinh-co-day-hinh-chu-rua-nhieu-mau-p124276352.html?spid=124276355,Chuột Máy Tính Có Dây Hình Chú Rùa Nhiều Màu,38.000 ₫,Non,Non,MuaOnlineShop,Thương hiệu: OEM,Đã bán 5,0,0,0,Việt Nam,5,2 nhận xét,2,0,0,0,0
16,16,https://tiki.vn/chuot-may-tinh-tm-m3168-usb-hang-nhap-khau-p130405195.html?spid=130405196,Chuột máy tính TM-M3168 USB - Hàng Nhập Khẩu,100.000 ₫,Non,Non,Non,Thương hiệu: Xtech,0,0,0,0,0,3,2 nhận xét,1,0,0,0,1
17,17,https://tiki.vn/chuot-may-tinh-co-day-rapoo-n100-hang-chinh-hang-p26221883.html?spid=72043013,Chuột Máy Tính Có Dây Rapoo N100 - Hàng Chính Hãng,77.000 ₫,Non,Non,Haincs,Thương hiệu: Rapoo,Đã bán 9,0,0,0,1600 dpi,4.3,3 nhận xét,2,0,1,0,0
18,18,https://tiki.vn/chuot-may-tinh-co-day-van-phong-hop-giay-sn-dl-p96087730.html?spid=96087860,"CHUỘT MÁY TÍNH CÓ DÂY VĂN PHÒNG HỘP GIẤY SN,DL...",71.500 ₫,Non,Non,HOÀNG NHÂN COMPUTER,Thương hiệu: OEM,Đã bán 13,0,0,0,Việt Nam,5,2 nhận xét,2,0,0,0,0
19,19,https://tiki.vn/chuot-may-tinh-m20-co-day-p124276524.html?spid=124276525,Chuột Máy Tính M20 Có Dây,45.000 ₫,Non,Non,MuaOnlineShop,Thương hiệu: OEM,0,0,0,0,Việt Nam,Non,Non,0,0,0,0,0
20,20,https://tiki.vn/chuot-may-tinh-chuyen-game-drlm066-tang-mieng-lot-chuot-p29641879.html?spid=29641880,Chuột Máy Tính Chuyên Game DRLM066 tặng miếng lót chuột,159.000 ₫,Non,Non,Banbuonsile,Thương hiệu: OEM,Đã bán 21,0,0,0,0,3,2 nhận xét,1,0,0,0,1
21,21,https://tiki.vn/chuot-may-tinh-genius-dx-110-p124895938.html?spid=129728127,Chuột máy tính Genius DX-110 - Hàng Chính Hãng,199.000 ₫,Non,Non,Thiết Bị Mới,Thương hiệu: Genius,Đã bán 1,0,0,0,Việt Nam,5,1 nhận xét,1,0,0,0,0
22,22,https://tiki.vn/chuot-may-tinh-choi-game-vinetteam-g5-hieu-ung-anh-sang-7-mau-phat-sang-6-nut-4-toc-do-phu-hop-cho-game-thu-va-van-phong-hang-chinh-hang-p82855999.html?spid=82856001,"Chuột Máy Tính Chơi Game VINETTEAM G5 , Hiệu Ứng Ánh Sáng 7 Màu Phát Sáng , 6 Nút 4 Tốc Độ Phù Hợp Cho Game Thủ Và Văn Phòng - Hàng Chính Hãng",99.000 ₫,Non,Non,vinet shop,Thương hiệu: VINETTEAM,Đã bán 9,3 Tháng,Tem bảo hành,Bảo hành bởi nhà bán hàng thông qua Tiki,20x7x5cm,4.6,5 nhận xét,3,2,0,0,0
23,23,https://tiki.vn/chuot-may-tinh-logitech-b100-den-p126734052.html?spid=126734053,Chuột máy tính Logitech B100 Đen - Hàng chính hãng,69.000 ₫,Non,Non,Nguyễn Kim Official,Thương hiệu: Logitech,0,36 Tháng,Phiếu bảo hành,Bảo hành bởi nhà bán hàng thông qua Tiki,Chiều cao: 113 mm Chiều rộng: 62 mm Chiều dày: 38 mm,Non,Non,0,0,0,0,0
24,24,https://tiki.vn/chuot-newmen-g7-chuot-quang-may-tinh-chuot-choi-game-chat-luong-p125840141.html?spid=125840142,Chuột NEWMEN G7+ - Chuột quang máy tính - Chuột chơi game chất lượng -Hàng Chính Hãng,279.000 ₫,Non,Non,Bảo Sơn Computer,Thương hiệu: Newmen,0,0,0,0,Việt Nam,Non,Non,0,0,0,0,0
25,25,https://tiki.vn/chuot-may-tinh-co-day-newmen-m266-hang-chinh-hang-p111860049.html?spid=111860055,Chuột máy tính có dây NEWMEN M266 - Hàng Chính Hãng,126.000 ₫,Non,Non,Hạt Gạo Store,Thương hiệu: Newmen,0,24 Tháng,Điện tử,Bảo hành chính hãng,1200DPI,Non,Non,0,0,0,0,0
26,26,https://tiki.vn/chuot-may-tinh-co-day-danh-cho-dan-van-phong-chuyen-dung-m-100r-p116407401.html?spid=122656399,Chuột Máy Tính Có Dây Dành Cho Dân Văn Phòng Chuyên Dụng M-100r,101.000 ₫,109.000 ₫,-7%,,Thương hiệu: OEM,Đã bán 6,1 Năm,Tem bảo hành,Bảo hành bởi nhà bán hàng thông qua Tiki,Trung Quốc,4,2 nhận xét,1,0,1,0,0
27,27,https://tiki.vn/chuot-may-tinh-chong-moi-chuot-gaming-co-day-dang-dung-bao-ve-co-tay-loai-5-nut-p87012976.html?spid=87012986,Chuột máy tính Chống Mỏi - Chuột Gaming Có Dây Dáng Đứng Bảo Vệ Cổ Tay Loại 5 Nút,199.000 ₫,Non,Non,Hùng Dũng 68,Thương hiệu: OEM,Đã bán 20,1 Tháng,Hóa đơn,Bảo hành bởi nhà bán hàng thông qua Tiki,Trung Quốc,4.2,6 nhận xét,4,1,0,0,1
28,28,https://tiki.vn/chuot-may-tinh-van-phong-co-day-r8-1607-hang-nhap-khau-p31524204.html?spid=53225266,Chuột Máy Tính Văn Phòng Có Dây R8 1607 - Hàng Nhập Khẩu,87.500 ₫,Non,Non,Công Nghệ July,Thương hiệu: R8,Đã bán 12,0,0,0,0,4.7,3 nhận xét,2,1,0,0,0
29,29,https://tiki.vn/chuot-may-tinh-hinh-rua-ns-5773-giao-mau-ngau-nhien-p16216946.html?spid=136795018,Chuột máy tính hình rùa NS 5773 (Giao màu ngẫu nhiên),61.000 ₫,Non,Non,TS HCM STORE,Thương hiệu: OEM,0,6 Tháng,Hóa đơn,Bảo hành bởi nhà bán hàng thông qua Tiki,0,Non,Non,0,0,0,0,0
30,30,https://tiki.vn/chuot-may-tinh-p100029834.html?spid=100029835,Chuột máy tính,990.000 ₫,Non,Non,TKcomputer,Thương hiệu: OEM,0,0,0,0,Trung Quốc,Non,Non,0,0,0,0,0
31,31,https://tiki.vn/chuot-may-tinh-genius-dx120-usb-hang-chinh-hang-p15589295.html?spid=57397799,Chuột máy tính Genius DX120 USB - Hàng Chính Hãng,99.000 ₫,Non,Non,KoyShop,Thương hiệu: Genius,Đã bán 59,1 Năm,Tem bảo hành,Bảo hành bởi nhà bán hàng thông qua Tiki,0,4.8,6 nhận xét,5,1,0,0,0
32,32,https://tiki.vn/chuot-khong-day-may-tinh-kit-dell-laser-wired-mouse-ms3220-snp-hang-chinh-hang-p66104333.html?spid=70524117,Chuột không dây máy tính Kit - Dell Laser Wired Mouse MS3220 SnP - Hàng Chính Hãng,450.000 ₫,Non,Non,Máy tính Lanh Dung,Thương hiệu: Dell,0,12 Tháng,Tem bảo hành,Bảo hành chính hãng,MS3220,Non,Non,0,0,0,0,0
33,33,https://tiki.vn/chuot-may-tinh-co-day-apedra-a8-co-led-hang-chinh-hang-giao-mau-ngau-nhien-p72077919.html?spid=72077920,Chuột Máy Tính Có Dây APEDRA A8 Có LED - Hàng Chính Hãng - Giao Màu Ngẫu Nhiên,169.000 ₫,Non,Non,HOÀNG NHÂN COMPUTER,Thương hiệu: APEDRA,Đã bán 19,6 Tháng,Tem bảo hành,Bảo hành chính hãng,Trung Quốc,4.8,8 nhận xét,6,2,0,0,0
34,34,https://tiki.vn/chuot-may-vi-tinh-bosston-d608-led-mau-ngau-nhien-hang-chinh-hang-p34574766.html?spid=45841449,Chuột máy vi tính Bosston D608 LED- Màu ngẫu nhiên - Hàng chính hãng,78.400 ₫,89.000 ₫,-12%,Công Nghệ July,Thương hiệu: Bosston,Đã bán 48,0,0,0,15 x 10 x 5cm,4.3,10 nhận xét,5,3,2,0,0
35,35,https://tiki.vn/loai-tot-chuot-day-may-tinh-khoncc-rpn100-hang-chinh-hang-do-nhay-1600dpi-cong-usb-day-1-5-met-klvq-3288-rpn100-p134844879.html?spid=134844880,[Loại Tốt] Chuột Dây Máy Tính KhoNCC RFN100 Hàng Chính Hãng - Độ Nhạy Đến 1600dpi - Cổng USB Dây 1.5 mét - KLVQ-3288-RPN100,109.000 ₫,158.000 ₫,-31%,,Thương hiệu: KhoNCC,0,3 Tháng,Điện tử,Bảo hành bởi nhà bán hàng thông qua Tiki,Việt Nam,Non,Non,0,0,0,0,0
36,36,https://tiki.vn/chuot-may-tinh-akko-rg325-dragon-ball-z-goku-hang-chinh-hang-p111153262.html?spid=130960786,Chuột máy tính AKKO RG325 Dragon Ball Z - GOKU - HÀNG CHÍNH HÃNG,699.000 ₫,Non,Non,Phụ Kiện Remy,Thương hiệu: AKKO,0,12 Tháng,Điện tử,Bảo hành chính hãng,Việt Nam,Non,Non,0,0,0,0,0
37,37,https://tiki.vn/chuot-co-day-cao-cap-danh-cho-may-tinh-bao-hanh-hang-chinh-hang-p127285092.html?spid=127285093,Chuột có dây cao cấp dành cho máy tính bảo hành - Hàng chính hãng,119.000 ₫,Non,Non,Thế giới sản phẩm,Thương hiệu: hoco,Đã bán 1,1 Tháng,Hóa đơn,Bảo hành bởi nhà bán hàng thông qua Tiki,china,5,1 nhận xét,1,0,0,0,0
38,38,https://tiki.vn/chuot-may-tinh-co-day-newmen-n500-plus-hang-chinh-hang-p104069896.html?spid=104069898,Chuột máy tính có dây Newmen N500 Plus hàng chính hãng,255.000 ₫,Non,Non,AChauComputer,Thương hiệu: Newmen,Đã bán 5,0,0,0,Việt Nam,5,2 nhận xét,2,0,0,0,0
39,39,https://tiki.vn/chuot-may-vi-tinh-co-day-m200-chuot-laptop-co-day-den-led-p118536772.html?spid=118536774,Chuột Máy Vi Tính Có Dây M200 Chuột Laptop Có Dây Đèn Led,237.600 ₫,Non,Non,dienmayohno,Thương hiệu: OEM,0,0,0,0,Việt Nam,Non,Non,0,0,0,0,0
40,40,https://tiki.vn/chuot-may-tinh-mixie-x2-ban-so-1-thai-lan-hang-chinh-hang-p58262294.html?spid=58262295,CHUỘT MÁY TÍNH MIXIE X2 - BÁN SỐ 1 THÁI LAN - HÀNG CHÍNH HÃNG,50.000 ₫,Non,Non,TECH 1988,Thương hiệu: MIXIE,0,12 Tháng,Tem bảo hành,Bảo hành chính hãng,NHỰA,Non,Non,0,0,0,0,0
41,41,https://tiki.vn/chuot-may-tinh-co-day-assassins-am101-hang-chinh-hang-p20992851.html?spid=32855742,Chuột máy tính có dây Assassins AM101 - Hàng chính hãng,110.000 ₫,Non,Non,Anh Trịnh LInh,Thương hiệu: Assassins,Đã bán 18,0,0,0,Cầu Vồng,4.7,3 nhận xét,2,1,0,0,0
42,42,https://tiki.vn/chuot-may-tinh-co-day-newmen-m007-ms-619-business-office-black-hang-chinh-hang-p111859857.html?spid=111859858,"Chuột máy tính có dây Newmen M007 (MS-619) - Business Office, Black - Hàng chính hãng",99.000 ₫,Non,Non,Hạt Gạo Store,Thương hiệu: Newmen,0,24 Tháng,Điện tử,Bảo hành chính hãng,1200DPI,Non,Non,0,0,0,0,0
43,43,https://tiki.vn/chuot-may-tinh-co-day-g3se-thiet-ke-nho-gon-led-bao-quanh-dep-mat-dpi-tuy-chinh-p120462934.html?spid=120462937,"Chuột máy tính có dây G3SE thiết kế nhỏ gọn, Led bao quanh đẹp mắt, DPI tùy chỉnh",75.000 ₫,Non,Non,Công Nghệ July,Thương hiệu: OEM,0,0,0,0,Việt Nam,Non,Non,0,0,0,0,0
44,44,https://tiki.vn/chuot-may-tinh-e-dra-em614-rgb-mau-den-hang-chinh-hang-p43085510.html?spid=70115410,Chuột máy tính E-Dra EM614 RGB chuyên gaming - Hàng Chính Hãng,259.000 ₫,Non,Non,Extreme Zero Online,Thương hiệu: E-DRA,Đã bán 5,12 Tháng,Tem bảo hành,Bảo hành chính hãng,Trung Quốc,1.5,2 nhận xét,0,0,0,1,1
45,45,https://tiki.vn/chuot-may-tinh-apedra-m2-hang-chinh-hang-giao-mau-ngau-nhien-p72028557.html?spid=72028558,Chuột Máy Tính APEDRA M2 - Hàng Chính Hãng - Giao Màu Ngẫu Nhiên,123.000 ₫,Non,Non,HOÀNG NHÂN COMPUTER,Thương hiệu: APEDRA,0,6 Tháng,Tem bảo hành,Bảo hành chính hãng,Trung Quốc,Non,Non,0,0,0,0,0
46,46,https://tiki.vn/chuot-may-tinh-co-day-p122179793.html?spid=122179799,Chuột máy tính có dây,63.000 ₫,Non,Non,Phụ kiện âm thanh Tài Lộc,Thương hiệu: OEM,0,0,0,0,Việt Nam,Non,Non,0,0,0,0,0
47,47,https://tiki.vn/chuot-may-tinh-co-day-p133431968.html?spid=133431972,CHUỘT MÁY TÍNH CÓ DÂY,55.000 ₫,Non,Non,Shopxuka2244,Thương hiệu: OEM,0,0,0,0,Việt Nam,Non,Non,0,0,0,0,0
48,48,https://tka.tiki.vn/pixel/pixel?CLICK=&data=djAwMTj8Y32nyA4jxIi50Bztav2XZNZOwTnvPfxa1A7Mz4_6aY15zffFOQOalxN28E8IPKIva7w1fnu_CynyZgFwm8LDjVrE6z5UgHsWipmQAsOT20UsgwDx7hHN9CCKSgUuIhYv7GzKYkLeqiNLREGSMlyYy4cTwCrFIyI4-RV-qBDh069VlgPTpm7Yw5lY1Em61GMjNRXs90iXQV4oRznAWd1EDLmIqrFnDdZsLZNm2CoL1xHJyYJ4qTb3tS5t9_AdskSHA0UhUxuGHDlHuAvC7MxZv8FE1WKmCc8mc5qcHf0XnAJqKpYRyHPPzQMFMyD2-swbcfcscFcekoriQVcAEvUyDEUCE9gksB5Fzi1enqBp-ZzbC976ginrujrhEnJ8YCDzfxhQxDPy1u8pFI83moJFNWJ1RXEGB0aDYYj63D36Ud3BeSGWRzc34bA1QAswPfdW-UV4RGa080p_wL5CHRmiNr-UZZ76cxWf9L9TgzdRQQYmtwpJzEKFz0AzRYWFhdCqQ4rlVk29Wj_owB4JuuxlMIbvvFg_og536KNOV6_CjdAD2EKNDzoBBWEhM-gtWPrCH2qbk_WFOhJMMHhUNTVZlaY-5e6ML36NArJc0GMpcxaiSgV-v-sagxMlRfBOS7naQMgVfWSvjLp8PjI-CWTH_262zRXz0Ul0M1_xXBMSHTBIBBGVZsPtTQMkeh8kWU9ncvcyLWeDVqpWxoVl9nCquSh4UWRQhuKfNBssgFPOYaSeeOQRnbkF3BrvtvPKduPWRa7w9DuNTBXKE-bjk3J6uGfGqt2CkSBUjuiNh9vsJsplbhQsZhbyVE_C5PmU1GLgkiWBZ0uKeKyIo3pFncCs0FkS4t5unKT4Wazusq-znRGf4tRBzKzUOmoNG3Arm6iJiNi1Zx-q2aXzfXJIeYIlFasxM7TunIlyCHi4cutwhIFJDTDpvz8Jp7kHLW99I-H7IUyr1z8Kmi9pIvwtmeq9kgwRIJhToYv2gnF5Q05_M9i-PJ4_fQXbK8QwwSDSZNj0phOHN9-uuQ&itm_campaign=SRC_YPD_TKA_PLA_UNK_ALL_UNK_UNK_UNK_UNK_X.26446_Y.264597_Z.672065_CN.chuot&itm_medium=CPC&itm_source=tiki-ads&reqid=F6Is70XiAa&pos=49&redirect=https%3A%2F%2Ftiki.vn%2Fchuot-choi-game-co-day-7-nut-led-16000-dpi-den-nen-danh-cho-may-tinh-laptop-hang-chinh-hang-p51530573.html%3Fspid%3D51530574,Chuột Chơi Game Có Dây 7 Nút LED 16000 DPI Đèn Nền Dành Cho Máy Tính Laptop - Hàng Chính Hãng,399.000 ₫,Non,Non,vinet shop,Thương hiệu: VINETTEAM,Đã bán 3,3 Tháng,Tem bảo hành,Bảo hành bởi nhà bán hàng thông qua Tiki,0,5,1 nhận xét,1,0,0,0,0
49,49,https://tiki.vn/chuot-may-tinh-apedra-hn-m5-hang-chinh-hang-giao-mau-ngau-nhien-p72029235.html?spid=72029236,Chuột Máy Tính APEDRA HN-M5 - Hàng Chính Hãng - Giao Màu Ngẫu nHiên,125.000 ₫,Non,Non,HOÀNG NHÂN COMPUTER,Thương hiệu: APEDRA,0,6 Tháng,Tem bảo hành,Bảo hành chính hãng,Trung Quốc,Non,Non,0,0,0,0,0
50,50,https://tiki.vn/chuot-quang-may-tinh-adb-link-co-day-model-m199-p116892673.html?spid=116892674,"Chuột Quang Máy Tính ADB Link Có Dây , Model :M199",86.000 ₫,Non,Non,Thiên Thảo Computer,Thương hiệu: ADBLink,0,1 Năm,Tem bảo hành,Bảo hành bởi nhà bán hàng thông qua Tiki,Việt Nam,Non,Non,0,0,0,0,0
51,51,https://tiki.vn/chuot-may-tinh-doc-dao-de-thuong-mang-phong-cach-hoat-hinh-p114255687.html?spid=122655694,"Chuột Máy Tính Độc Đáo, Dễ Thương Mang Phong Cách Hoạt Hình",151.050 ₫,159.000 ₫,-5%,Lingha Fashion,Thương hiệu: OEM,0,1 Năm,Tem bảo hành,Bảo hành bởi nhà bán hàng thông qua Tiki,Trung Quốc,Non,Non,0,0,0,0,0
52,52,https://tka.tiki.vn/pixel/pixel?CLICK=&data=djAwMSSe62u4YiUpI-dFp7VRPHVfnPO9U64kYPvaIi3eE9xfdn5pNnYQ4YqoYzHuKX0NFGXk8UStuis_gwu-Awc6Gm8Ei9yjHvqSY1-2B3ZMOODkJBhBbW3MZLb7allHSAMRE22ZKWt_IC6bllAAiXem8usO3pCaOeK4eKbER0frGALeSYnmJkm-HPMWa0VFCkYnLWPEZH5VVomWS3w_oszJifENnDktm37MWLZIZVtwQ1quBLZ3kTBVFoL1Mvt3dLw1WMcu1fTi8RxSkbDPjrPwRCHJPqVaTrO2o8z7v8z4QqmNveNCKNAMA1UySwxsLyYSzUA7J1KpDVcC_BDyyN7Ofhcv45F4rXnNHowTTn2V2cKzDZs4Rf0j7VE7guYV3zPB17WVULOjFxNikegmYcNT8l1mgzSMZyWx7G8zf0_T5Wt5oJ7Kw_MZBl9DzbYFMZ7cmqM55gqnNO7dr1kOi2-oxUjVKDQoLFWcKc4UNFI3OkbM3ll5mpL29Q3egatEaQCfA0g0vJiKvoX78QLsSpZGtuwRRv4Uebh4DSy1xdT-SH76FjM5sI_PGRzsBlOHWYBDn1609RxWYJj_B0ge7OdvKwlbVyE6QVZDm5b7qODfui5BdMUh_Fo2p5ewab9rKreGTAl6ZcgsZxkqMD7AAnYY_VEnhJBLFTksJtcrrm6ScmUcpQpw8ckf3TLIu7F6D4_hP6dqrdzDjmbbId8-WpZ15l4bXIrwdKocvfs1vKJg_9_pBE0iVyjaJaVf0Ubzz8U_5cY3Sv-qKmG4jH-xFOwFK7fQ1ZQQTZoCyVbkH8XBiXvYRUqpGy6qQRbkoEHqyvOynLjzk6jYRwwRtlR9fZCJ1MUyielvqzWDsMaEknoxaxTnsFI60NFtWQi9jP5sdDH01SR0g4AdSCu1fwXBIglXG0yEJYTGr7dSebLdlv00swnIC0PlTB6nCDNlEfO-wZq7VcMgJWAqSfa9RA0WJZfdFQUzAKk9A_ENdRCD_yJY2yFSFgCxCHHLvuSbO7CIs0IHu5jStWgwwAYH67-gcTYm_JfE_c99Opggl1hn_ViFHu01dSw&itm_campaign=SRC_YPD_TKA_PLA_UNK_ALL_UNK_UNK_UNK_UNK_X.38927_Y.298812_Z.731800_CN.Mouse&itm_medium=CPC&itm_source=tiki-ads&reqid=F6Is70XiAa&pos=53&redirect=https%3A%2F%2Ftiki.vn%2Fchuot-led-rgb-3200-dpi-gaming-mouse-a868-p73258986.html%3Fspid%3D73258992,Chuột LED RGB 3200 DPI Gaming Mouse A868,150.000 ₫,Non,Non,Tech7,Thương hiệu: OEM,Đã bán 241,3 Tháng,Phiếu bảo hành,Bảo hành bởi nhà bán hàng thông qua Tiki,3200,4.8,91 nhận xét,75,13,2,1,0
53,53,https://tiki.vn/chuot-may-tinh-co-day-forter-ft-3900p-cuc-ben-hang-nhap-khau-p114981319.html?spid=114981320,.Chuột Máy Tính có dây Forter FT - 3900P Cực Bền Hàng nhập khẩu,115.000 ₫,Non,Non,Videas,Thương hiệu: Forter,0,12 Tháng,Tem bảo hành,Bảo hành bởi nhà bán hàng thông qua Tiki,FT - 3900P,Non,Non,0,0,0,0,0
54,54,https://tiki.vn/chuot-may-vi-tinh-co-day-forev-fv-55-chuot-laptop-co-day-p118537079.html?spid=118537080,Chuột Máy Vi Tính Có Dây FV-55 Chuột Laptop Có Dây,237.600 ₫,Non,Non,dienmayohno,Thương hiệu: OEM,0,0,0,0,Việt Nam,Non,Non,0,0,0,0,0
55,55,https://tiki.vn/chuot-may-tinh-newmen-n500-plus-hang-chinh-hang-p104069537.html?spid=104069539,Chuột máy tính Newmen N500 Plus - Hàng chính hãng,255.000 ₫,Non,Non,AChauComputer,Thương hiệu: Newmen,0,0,0,0,Việt Nam,Non,Non,0,0,0,0,0
56,56,https://tka.tiki.vn/pixel/pixel?CLICK=&data=djAwMYJxrkVMdf3NFsa130XhGkt0sFRDOa5m26R9CIzAQkzaekBKp9B8M0wg4lWJMywu4oruvu5jz9Ruw6s5I5dX2IPlclSqyIbT2ljhn-uBDtEQM0C58ukfX2hb3fmmZwqSr7aH-N2bWWO6l4No-oxesXeDEZhBummZUxt3OTjHOn_WIVthXEmwJpKcOm_LdzrPWHnkChqDpUvDKEMXIvA99vQVVMPnUUUFOoagfekQU6xoksaeEIH9u-NsJtodrhB4mtzBdQXiiW2WEp3jzpr11gekeUjf32_tR6E3tmyl6DidWkJFUQ4iE85IrLtCkNVVEmeAs3pFcCHanwy2d8dkqs-RmBg7dXe9BaaDqnFR1CSN3Bbipzbi9EH7S0OggtWbA8GIkT2bSFgHld95UM8kfuz2GemRBOJu7bOFTFJ5bXfCNgQpxIMcwBb7XUtbD12Hkn-z-c0dMvy4tSeVlysBHe2qGwZs11-xGLX0ypC1MOmOZh23WtXSnrAnyqxXBcecav2fRmJMz5pradjvfCakTt9TzT3s-PVCNYt24EM1-AgWRFGuzg4oJDYOQJ9TiFn9xeIIWtIrdOjJ0QWFRkmuJKYVQFZTfsbRI-ng3sqfwHfazUSkNCV5b_ggg1hzsLankhRV9WScjAgeGftmosPE0C_6-9CBATbRzRFE9WjQ7s7hZEtwz-DT0RQgtn0yVJ5FCEucth93n7_C4NnTk7HdHccRSUbqpZYECEGFbAbEZMgnR-cHJDoeHmnH328_ffjD6Pn0u9nvUfrkjtIRHxayt0BSpWVBiJUAxEjs5-xjTgO3qWHkJGfdnnaWfAg0y745up5anE90qAiqlb7bc-CsXqDVpL9PNhwwXBCmwTS6engc36sbkS5TirQxXn48eBBJCN2lPmrzyHvjm_XVvJByYfaoWS1c53fclytaOYOsV-ggWXL1rZm3WcmC16Th1UtwxrZ9WDrvvxpPtk6SZdPYcKK1T-YCYKU3jQza9XwwY4xe7cMefDbsdgKYKXKSD51W5iqWqnuLpOCEIU1V25zVQ9-5xPeP&itm_campaign=SRC_YPD_TKA_PLA_UNK_ALL_UNK_UNK_UNK_UNK_X.93118_Y.858036_Z.1625655_CN.chuot&itm_medium=CPC&itm_source=tiki-ads&reqid=F6Is70XiAa&pos=57&redirect=https%3A%2F%2Ftiki.vn%2Fxuat-khau-my-chuot-bluetooth-khong-day-may-tinh-choi-game-game-thu-chuyen-nghiep-the-deosd-td-wme29-p134226332.html%3Fspid%3D134226334,[ XUẤT KHẨU MỸ ] - CHUỘT BLUETOOTH KHÔNG DÂY MÁY TÍNH CHƠI GAME - GAME THỦ CHUYÊN NGHIỆP - THE DEOSD - TD-WME29 - HÀNG CHÍNH HÃNG,236.550 ₫,249.000 ₫,-5%,,Thương hiệu: The Deosd,Đã bán 1000+,0,0,0,HongKong/Trung Quốc,5,76 nhận xét,76,0,0,0,0
57,57,https://tiki.vn/chuot-newmen-m266-chuot-quang-may-tinh-gia-cuc-tot-hieu-nang-tot-trong-tam-gia-p125840133.html?spid=125840139,Chuột NEWMEN M266 - Chuột quang máy tính - Giá cực tốt - Hiệu năng tốt trong tầm giá -Hàng Chính Hãng,129.000 ₫,Non,Non,Bảo Sơn Computer,Thương hiệu: Newmen,0,0,0,0,Việt Nam,Non,Non,0,0,0,0,0
58,58,https://tiki.vn/chuot-newmen-n3000-led-rgb-usb-chuot-quang-may-tinh-p125840144.html?spid=125840145,Chuột NEWMEN N3000 LED RGB USB - Chuột quang máy tính -Hàng Chính Hãng,345.000 ₫,Non,Non,Bảo Sơn Computer,Thương hiệu: Newmen,0,0,0,0,Việt Nam,Non,Non,0,0,0,0,0
59,59,https://tiki.vn/chuot-may-tinh-dare-u-lm101-hang-nhap-khau-p32975595.html?spid=32975597,Chuột Máy Tính DARE-U LM101 - Hàng nhập khẩu,95.000 ₫,Non,Non,HolaHola,Thương hiệu: DareU,0,0,0,3 Tháng,LM101,Non,Non,0,0,0,0,0
60,60,https://tka.tiki.vn/pixel/pixel?CLICK=&data=djAwMSe8AtfcQYdJTwBjAbRqWRwRZFXzqcL1vkIMplm_sHgjtAgNie0nG4IQ5Sd4oDnugHweMOAcidsvOdjQG4uyYIMox2A_NVVVhSOeZYXSuQc7BL5d_i80osUO0hABl4O15pLqKu51sY2LWRmsvgPs-7Uu6BD5zTMaqy-YRsqbgsbL42EC0w91qsRNoayI4qx38MtphSj8f7pY8t-cQcDv0e07kTyxqNZn11MT4JmsBtF59aOej3-4FOXOVGnFcEkj1SXnd5AEQl_RDgxv-yB3RFQmaErXw7hbRdAMkYTgcpWGE4rx9jWcYKeS9N0UuBfjBBkwo2hO65XddfjAUyNEGZv4C2oPfDkD89Veh_zw1bH4HY1Nh6khq7HIeVfL9DbItgaZVO2tfMXECWqhWKwFNde1uhzsrFuONf0Irj7Q9uT4Pl1GKPCiNFhKaaBc9SJ8x4knnbOsFBwAbJ1jcl8TtopOa5JjL6psifrp23gV161wB39XqhdjP2fFVMVYGvqS2wfWdS6gYwCY0nCHzyn7L2SJgph_nGALTCuXNZOt9ekDJ8kchCOUK0l8auYtYLK5MI85dOC0aC_z9P-Brp_14trr65FSo1KAaME05lG-7W1RVZ8b-iabJ4AcC1XxzDChNQdMzqEZ1Vou7h5bnHsLnXm5yutr9t7ahGNQQNlLa0jlnmJGTziEmO_fPaSos-kBAXOvTiTl8aB0e-keaVKYmpxf0NO-x_-5J__wFTU0yJidhWnUUf3CoCdbrwctRSt_rvZy6DgE4qe7ONZG4A2yPXeEpsVfYB0VKg1wCIhv977n9sWjpFoMZzJSw1Oc1y_7vxuCtG1c1ULTZJhbeCSBzk3tcZHTHmbFUozg3dYDqJGoei9i9VNkh-UgRqAUEZG0FL7rm5mJVbVg4M0mVNmvNyJ40pNRbQ2xAvaPXD_dvoVt53PL5T0C_H6b6m7xqZFibTHv6hySYnwq-IZxU70U7S6fefVWeTwLPORLCalbk1ezK46J-VmrNZH87pc7LF-kcLh0LKAfoLOxHrz7LSjiIKchYUx0RaTkCQXtH_MSynQ&itm_campaign=SRC_YPD_TKA_PLA_UNK_ALL_UNK_UNK_UNK_UNK_X.38799_Y.397270_Z.928452_CN.TONG-HOP-1&itm_medium=CPC&itm_source=tiki-ads&reqid=F6Is70XiAa&pos=61&redirect=https%3A%2F%2Ftiki.vn%2Fchuot-gaming-imice-t98-7200dpi-mat-quang-hoc-game-grade-engine-xu-ly-chinh-xac-muot-ma-khong-do-tre-giat-lag-be-mat-to-ong-thoang-mat-chong-mo-hoi-tay-trang-chi-den-led-rgb-phu-hop-choi-game-thiet-ke-do-hoa-hoac-van-phong-hang-chinh-hang-p101461470.html%3Fspid%3D101461471,Chuột Gaming Imice T98 7200Dpi Mắt Quang Học Game-Grade Engine Xử Lý Chính Xác Mượt Mà Không Độ Trễ Giật Lag Bề Mặt Tổ Ong Thoáng Mát Chống Mồ Hôi Tay Trang Chí Đèn Led RGB Phù Hợp Chơi Game Thiết Kế Đồ Họa Hoặc Văn Phòng - Hàng Chính Hãng,298.000 ₫,349.000 ₫,-15%,,Thương hiệu: Imice,Đã bán 24,12 Tháng,Hóa đơn,Bảo hành bởi nhà bán hàng thông qua Tiki,L125 x W65 x H40mm,4.7,7 nhận xét,5,2,0,0,0
61,61,https://tiki.vn/chuot-may-tinh-co-day-dung-cho-van-phong-panda-mouse-p104493089.html?spid=104493091,Chuột Máy Tính Có Dây Dùng Cho Văn Phòng Panda Mouse,151.050 ₫,159.000 ₫,-5%,Lingha Fashion,Thương hiệu: OEM,0,3 Tháng,Tem bảo hành,Bảo hành bởi nhà bán hàng thông qua Tiki,Trung Quốc,Non,Non,0,0,0,0,0
62,62,https://tiki.vn/chuot-newmen-n500-plus-chuot-quang-may-tinh-chuot-danh-cho-game-thu-p125840101.html?spid=125840105,Chuột NEWMEN N500 Plus - Chuột quang máy tính - Chuột dành cho game thủ -Hàng Chính Hãng,260.000 ₫,Non,Non,Bảo Sơn Computer,Thương hiệu: Newmen,0,0,0,0,Việt Nam,Non,Non,0,0,0,0,0
63,63,https://tiki.vn/chuot-may-tinh-co-day-simetech-x1-black-hang-nhap-khau-p37666052.html?spid=52322978,Chuột Máy Tính Có Dây SIMETECH X1 - Black - Hàng Nhập Khẩu,95.000 ₫,Non,Non,BÒN BON STORE,Thương hiệu: Simetech,Đã bán 12,0,0,0,0,4.5,2 nhận xét,1,1,0,0,0
64,64,https://tka.tiki.vn/pixel/pixel?CLICK=&data=djAwMetfncTpipjIoWbui6a3lUCN-_kdxXiSodCvg_FW9IDlLdsoOh2y0dOvaR1WBnN9cqr4cyfkbC0PEWA-SKgPvjR5RuLROypTClGp05bsSbM-3JdHUgGP6ZAuWFZswHyl_NohR89DwzbLFwKVreoLyDJdCw-y7CHxozGDaKjn2UwkADsK9DxC5uKU3_fkgkpXa_C2ue2gOsfTnTo4t5h2s8cNh9BxCgcDjrfsSq81-SXjjCkCHwJBsVaFYtOUvXWJjuUHn9xAFNG6Yr5OzegXvv6IujnEOjhauuqfyTu7EM5UuuNn10ehkryJX_I5HejomPU9NtznCP8E0Sn_ImbDbNw4Grb8ui1YrxiV1Od17TahF757qKxFbMM4_09_j6QdJLQt_mKRsZh62cWZ66Knrra587v7-_a3cWlPcHu70lWuyqZpmYUJhUHdYCd3vqMoxPGE_RY_mQN6hxF_1BmN1Cx2qLEcI_eLdDP_rnDI_NGDkhnFSq8OFfhO-QNgXNYLW16Dt4G8puACWNpOSq-5hlzzckfYlNHNxzRCfU-nXfy7zHnRot8WS9dzoMNKmxedfyS3RFR62JoeeWbXoFcgKE1E9G-IqmcUfN7EnSKWWMc-CN_t9eL8Rqp2ydjbYl8FXvtd8XTJRPHdZNi8A-Cz-45dRCT8jQJpaydvCAYUbBi-iCVjR0G4ViFSsaQPAmvKB389vHOVc7VFr3zoCTbKuWnVeW-W_JmYpfbk4a6kAQH7vWMw71WUZkty5lnTlD82ti0NUv67e1e9pMoapInm-dFzZAo1nM64jPhFF6YJgEapa8pNHjlxzCMjg1nE7nQcWdS8Z1qdE4s5EzhPMFsJM0JrwmtqFvVoUzwX7n5V7d2jcAbDnbkkv5nuFiV0C64qx7W1Kfc_w3GwQ65lZEcpdia8Tp4izquRPERH428qqpTPuDVvyBQ4lAGw2kY075CpUrAk1bB5PeF7zRtsYwKuJqcEMHpDiSHoH8HuqXxmMcSZud4A692KqqmeumbyirNcWzr55ZhsT-oBgfZo4gM3RfI&itm_campaign=SRC_YPD_TKA_PLA_UNK_ALL_UNK_UNK_UNK_UNK_X.85591_Y.765961_Z.1501396_CN.phim-chuot-650&itm_medium=CPC&itm_source=tiki-ads&reqid=F6Is70XiAa&pos=65&redirect=https%3A%2F%2Ftiki.vn%2Fchuot-may-tinh-xsmart-free-wolf-v1-led-rgb-choi-game-tu-dong-doi-mau-cuc-dep-hang-chinh-hang-p96615280.html%3Fspid%3D96615281,Chuột Máy Tính XSmart Free Wolf V1 LED RGB Chơi Game Tự Động Đổi Màu Cực Đẹp - Hàng Chính Hãng,129.000 ₫,Non,Non,XSmart,Thương hiệu: XSmart,Đã bán 62,3 Tháng,Điện tử,Bảo hành bởi nhà bán hàng thông qua Tiki,Kích thước:125*66*39mm;,4.6,23 nhận xét,16,5,1,1,0
65,65,https://tiki.vn/chuot-newmen-g10-chuot-quang-may-tinh-chuot-cho-game-thu-p125840100.html?spid=125840104,Chuột NEWMEN G10+ - Chuột quang máy tính - Chuột cho game thủ -Hàng Chính Hãng,189.000 ₫,Non,Non,Bảo Sơn Computer,Thương hiệu: Newmen,0,0,0,0,Việt Nam,Non,Non,0,0,0,0,0
66,66,https://tiki.vn/chuot-quang-vi-tinh-mitsumi-ecm-s6603-ch-hang-chinh-hang-p25998498.html?spid=105663208,Chuột Quang Vi Tính Mitsumi ECM-S6603 (CH) - Hàng Chính Hãng,99.000 ₫,Non,Non,Vi Tính Quốc Vy,Thương hiệu: Mitsumi,Đã bán 21,12 Tháng,Phiếu bảo hành,Bảo hành bởi nhà bán hàng thông qua Tiki,1000DPI,5,2 nhận xét,2,0,0,0,0
67,67,https://tiki.vn/chuot-vi-tinh-logitech-b100-p121747210.html?spid=121747211,Chuột vi tính B100 ,90.000 ₫,Non,Non,Công Nghệ MIS,Thương hiệu: OEM,0,12 Tháng,Hóa đơn,Bảo hành bởi nhà bán hàng thông qua Tiki,Trung Quốc,Non,Non,0,0,0,0,0
68,68,https://tka.tiki.vn/pixel/pixel?CLICK=&data=djAwMaTXculTFgSP36SXaEE6fTjF8u1Yp8MGy3Nc5ICWMXBtlKHxWMS4dwy_mMShoS34T1ek4S1wC7vnKOrw4pDGYkl60y3VH8wtVeTcoo9M-l4bOzYfK5HyAvVl4MrPHg7CXg1D_KkoxUkJhmXc1CXaqsVHEraYRubVOWnUuMAbEj8RHqA3I6G7PynBmD26dBKbDYMOZkdr3YoQCHFarNoJli85Lji-8y_sNZ3PgbHPdr2Pj-HO8AW0NiB9_h-3Oo25ZcHhj3CeKfPGdg5PXpM9yl7PE6Z-jU1ahxESNCe3W_CRcFnh5CddASzcHGH_ycvocqaqqY060-fvvRT47sEJhlchriGzO0IXMYjT9sLoOWVs0Vgsa30-PLCe5lzv-rpzRg0-wBgGai-kgo2_MNqecBlFcW0nhisDQesEG1H3TjDSsNQrXmHUuCaPwBsp_9I8CKqDa5HfIhP0Dd-l-vl95rixKla58s7F0_4LK3UlOvOIRY3sK6WF3ebr0GXNG68L4SdfYgmD3oI2ZmQ6n4TucEi6JxBK3evMjlRrviHwQIo9Art4WGtnvVk8B4ZMNMP3beUoG23VQIoNyhu1domNAr4PdjBIGr2pQgzEhvX1lEK_lvyccWKO0RVvBNybcDSR2HwAcRhFiA7PixRGOWSjjcl4SVwxyjpWxaEf9BaayDzNFn95Aq5ikd_uATFSwt6SSh02NgZR0s4x_eckJ76TA6TmxRrv4tluqf9-ept-dPQmlkYFFXjhuJSfYApjRBxJdYVr_d4f795Y-ODtucoGz6VsG6Z9kawbs60N0UsgbDj6DLWyBCaJ6hH5RYAxF0L38Wfi_F6g3P6yfG1WjR4fg4Hi_ccsL_Am3UrMBMM5RMX84Eqp0UVkKrFt2tMRakge0cwWEsE7dD_aMogGf_N8p_2BF8EOZAkD8lrYZtrFtr0RUjNBWCC3NXR-2bN7VAJh_wQrA9DgDOzanar5VEH3bSKda9IPWRKMs_rz1F2S5NYkSRGyngMqsNqNCnX_KrsbR7XpnAPhJY3V6mL7EgY&itm_campaign=SRC_YPD_TKA_PLA_UNK_ALL_UNK_UNK_UNK_UNK_X.26446_Y.264597_Z.672062_CN.chuot&itm_medium=CPC&itm_source=tiki-ads&reqid=F6Is70XiAa&pos=69&redirect=https%3A%2F%2Ftiki.vn%2Fchuot-choi-game-co-day-v5-led-rgb-6-phim-chuot-may-tinh-day-du-ho-tro-marco-hang-chinh-hang-giao-mau-ngau-nhien-p68438139.html%3Fspid%3D68438140,Chuột Chơi Game Có Dây V5 Led RGB 6 Phím Chuột Máy Tính Dây Dù Hỗ Trợ Marco - Hàng Chính Hãng giao màu ngẫu nhiên,170.000 ₫,Non,Non,vinet shop,Thương hiệu: VINETTEAM,Đã bán 155,1 Tháng,Tem bảo hành,Bảo hành bởi nhà bán hàng thông qua Tiki,dây dù,4.6,63 nhận xét,50,9,0,0,4
69,69,https://tiki.vn/chuot-vi-tinh-co-day-p122179404.html?spid=122179408,Chuột vi tính có dây,68.000 ₫,Non,Non,Phụ kiện âm thanh Tài Lộc,Thương hiệu: OEM,0,0,0,0,Việt Nam,Non,Non,0,0,0,0,0
70,70,https://tiki.vn/chuot-may-tinh-van-phong-co-day-p120509590.html?spid=120509591,Chuột máy tính văn phòng có dây Limeide - Hàng chính hãng,39.000 ₫,Non,Non,AB STORE,Thương hiệu: Limeide,0,0,0,0,Việt Nam,Non,Non,0,0,0,0,0
71,71,https://tiki.vn/chuot-quang-may-tinh-laptop-x2-dpi-f721sp2-p82361074.html?spid=107216217,Chuột quang máy tính laptop X2 DPI F721SP2,44.999 ₫,Non,Non,KOW Computer,Thương hiệu: OEM,0,0,0,0,Việt Nam,Non,Non,0,0,0,0,0
72,72,https://tka.tiki.vn/pixel/pixel?CLICK=&data=djAwMbDy5zRXw545e4xGCLT5Eu_DvGOC2BlIKMpFsu8Nf0W2AAgk4IGBYSPAxCEYR3fK7Bz_fh46MqRDbnrdDgnITfvtJtzS95UczlYI9hVGNaMsPCN3WvwriwlLmlEQdHH1f92qu1WIcrmUTSnYOZp5DdJbKYKzArylH0KQJgx8RGrsYVPfT3tw_vg2rGzkPtnoX68EKHZPEvCzDu2jUs2dzz0F6nH1ra7DgtZmYXc83W0UvwDPWxGVVygZUb30JA3GyNZi7Pp8RXE_VEU1RZUsfI63VFdQ8NHIvxMZct8zjxzskXRgxcDjprARAF4DwBXar5bE-LE9kKOeLvn3hOT1_FpPyiIwXKlRkknhmm_KGEOuuiL7gREu5X3M8cEjXJSbeN4k2pteZYrfQjJCl6Krz-0BTTcnTFtfX88uuE8ii-PzZblldbRONd_LQaF8aSkNN2W7idnYhTD1JKVCAidDp4mfS-eZn7M7U-T5Y7pPv3pUzDpOSeJHixGPjGA3b9zdSCzJHF8d9B5gEW9T5Nw4hcqCrFCxAF_eQZ4Ry7cKqEp0cLncplLehhsaUOXi7GV1eqgYxbkwW0zHG5F_-qQjx_KsIfKYLHdyjqCZH24LwCMoqvGlvzGpfkWK9cVNos47qO9Np015tRCoMBJBiG8DiPpCNyjoTZd40iBHfGomWyY90lPOz8WYdgB7jTsbpLEoB9MRIVP1wRMq_GUVqPh_aaCOELLs0PVhuHSt3kCZJvl_4Xh16wtVtRhfprq3YU-sjfOmBldpoTnUoxZWTNnWJ8wfqLNauEZPdYGmNlpxW9euf_i86Gu9JWFRXxe3uYIP7uZdCgJ4o4pQ1H8ZnSYiiTmJ_F9Xfi6i5AWv_3LSm2tGfANaqD9i4SF6MwWusrDJU6B4d7BCAKgn2mP6HT4fPRN5k8tNmhvvU7-hpy_KfDkbV9SlTqpED8VXG2f9AVMq0zSUfqgjGYjXTcC32ea5aS7MjyDfUjwUtaAFYLecqFWicNlMhMAoqJAXp2zkhgKj9eJHzaQtWSZQwXP-2FJi8W4RehNBLzbBcak&itm_campaign=SRC_YPD_TKA_PLA_UNK_ALL_UNK_UNK_UNK_UNK_X.73554_Y.646567_Z.1329041_CN.T9_Chuot&itm_medium=CPC&itm_source=tiki-ads&reqid=F6Is70XiAa&pos=73&redirect=https%3A%2F%2Ftiki.vn%2Fchuot-khong-day-prolink-pmw5010-ket-noi-dau-thu-2-4-ghz-thiet-ke-ambidextrous-doi-xung-phu-hop-voi-nguoi-thuan-tay-trai-lan-tay-phai-dung-cho-laptop-notebook-pc-va-mac-hang-chinh-hang-p104496077.html%3Fspid%3D104496083,"Chuột không dây Prolink PMW5010 kết nối đầu thu 2,4 GHz, thiết kế Ambidextrous (đối xứng) phù hợp với người thuận tay trái lẫn tay phải, dùng cho Laptop, Notebook, PC và Mac - Hàng chính hãng",156.000 ₫,200.000 ₫,-22%,Prolink Official Store,Thương hiệu: Prolink,Đã bán 155,1 Năm,Tem bảo hành,Bảo hành chính hãng,"103,3 x 61 x 38mm",4.6,53 nhận xét,40,11,0,0,2
73,73,https://tiki.vn/kep-dien-thoai-hinh-chuot-may-tinh-sieu-gon-p138823744.html?spid=138823746,KẸP ĐIỆN THOẠI HÌNH CHUỘT MÁY TÍNH SIÊU GỌN,46.800 ₫,Non,Non,TỔNG KHO GIA DỤNG PHÚC LINH,Thương hiệu: OEM,0,0,0,0,Việt Nam,Non,Non,0,0,0,0,0
74,74,https://tiki.vn/chuot-may-tinh-co-day-newmen-m266-hang-chinh-hang-p123152481.html?spid=123152483,Chuột Máy Tính Có Dây Newmen M266 - Hàng chính hãng,125.000 ₫,Non,Non,Công Nghệ Bình Minh,Thương hiệu: Newmen,0,0,0,0,Việt Nam,Non,Non,0,0,0,0,0
75,75,https://tiki.vn/chuot-may-tinh-co-day-g3se-thiet-ke-nho-gon-led-bao-quanh-dep-mat-dpi-tuy-chinh-p120462030.html?spid=120462032,"Chuột máy tính có dây G3SE thiết kế nhỏ gọn, Led bao quanh đẹp mắt, DPI tùy chỉnh",100.000 ₫,Non,Non,Công Nghệ July,Thương hiệu: OEM,0,0,0,0,Việt Nam,Non,Non,0,0,0,0,0
76,76,https://tka.tiki.vn/pixel/pixel?CLICK=&data=djAwMVPQE0sxSEJlzkYZDp4K3mQbgqPdddplQUpEQ-rzt15z7qFHSWvntCoYrPPSiqZbOC3mSvzno1es2VV508mObVpCaRC_D7vGuNYt7O8hkjaP-ZfqZKkGOss5TEkD2TRaaKe-3GDPV6h-ufOqBTBt6Iv7qMcupfHodTIQYbxLugvUTpid-NVX6iusl0PaRJuSK-m_JnRSSMIKpuMJ-0o3rLJiKO9YSwVW0oOid-s_aCsgA_mkQLLxS4AjMp-2WdAU5N4WaRZPDOEF3Lfm0eCEi9vKlycG2QKxVRgqzK8zcCT2s44N-4gApI_tnp2SwXs5rQlpctWBiPKoWAkjPvC5EPB0OfWLNvfp5XnTMzNDhiRDgnTP6BMCxMsqmR2DNpcAw4Uoy6Mei-ahVZbMii781IhG5CjbgzSSbR_1lCG-CrqzJ8gzMDwwSodN9l0QEHrwifi_xpyj50vmqJt_vbrhlwAwM3UFnBiYYazCUHQpbZDUZvW84AgsniAetuVslfcURleqqSMxDbJGCaXNqXpY0f0FkJV5_PcMieiuvfQXqVRFXjb7xmdozUVn4jiXRwO4U76TfngjlABzY41z0PPIOfnjMrjrvZXG1UgpR1Pc-tENm6S1JClE1-64Xb5mb1lzLSd-R8V87A7aBNJFWs-VAwpy17vmHSbafZ3AyY-CLD-vWJd6nEm20RjcJpFHnhEdDNoPUukaC44EUofUsqptb6nJeSY1s0CcBtuMQ-zdLszpA4p5_qrDf-2jlgm4u3Ng-pY5C6kevn-wSsEDBSxFTiWRV5p6OCaQskICjKMQu_b3aGHU4duyYhR63whbkV3OkCrF4JQAu4XBbCHVylj3SYddGTMwOnIiuKsGOC2_A7M0WWzSSbuugSPWAmLb1ZD74t_KgJ50icR13Va_IZO4x2hVDumYTJahFpsWg_71QvxkU9lt0PfYLc3oRp1Hn4ptu6gcJG1BEurmzcF8p1fCWmmFhZ0j6nCh7xiEiQ&itm_campaign=SRC_YPD_TKA_PLA_UNK_ALL_UNK_UNK_UNK_UNK_X.79823_Y.709681_Z.1419942_CN.Product-Ads-16%252F10%252F2021&itm_medium=CPC&itm_source=tiki-ads&reqid=F6Is70XiAa&pos=77&redirect=https%3A%2F%2Ftiki.vn%2Fchuot-vi-tinh-logitech-b100-p121747210.html%3Fspid%3D121747211,Chuột vi tính B100 ,90.000 ₫,Non,Non,Công Nghệ MIS,Thương hiệu: OEM,0,12 Tháng,Hóa đơn,Bảo hành bởi nhà bán hàng thông qua Tiki,Trung Quốc,Non,Non,0,0,0,0,0
77,77,https://tiki.vn/chuot-may-tinh-gipco-m059-p97835955.html?spid=107221114,Chuột Máy Tính GIPCO M059,71.500 ₫,Non,Non,KOW Computer,Thương hiệu: OEM,0,0,0,0,Việt Nam,Non,Non,0,0,0,0,0
78,78,https://tiki.vn/chuot-may-tinh-de-thuong-kem-lot-chuot-p127802399.html?spid=127802418,Chuột máy tính dễ thương kèm lót chuột,101.000 ₫,Non,Non,Renci,Thương hiệu: OEM,0,0,0,0,Việt Nam,Non,Non,0,0,0,0,0
79,79,https://tiki.vn/chuot-co-day-logitech-b100-hang-chinh-hang-p356188.html?spid=49932,Chuột Có Dây Logitech B100 - Hàng Chính Hãng,89.000 ₫,Non,Non,NGUYENVUSTORE,Thương hiệu: Logitech,Đã bán 1000+,12 Tháng,Điện tử,Bảo hành bởi nhà bán hàng thông qua Tiki,Trung Quốc,4.8,298 nhận xét,238,51,6,2,1
80,80,https://tka.tiki.vn/pixel/pixel?CLICK=&data=djAwMSyIbh5CNIGydq2vNoOTpF2CMrp92kToX9GhoxEN7bHFZSWoM2J2mhvMrZ1GCpOU_jGf5ysLzefwI3v4Nt2-_dVyCW6x3hXkbKDFS4lzgQ1_kZAhPTTvw6SK0yswAB6otDjWHk_HV-y6chN_mmoU2bc0iDzRH4J0xAyKwuJE7lQYOPpm6M246NvnGwg9TDCkjADugu1Nk0TxyLE-DFkE6-21i1F1Fv_EkwYOfRvAfk8AAVqt8W0Afk3t0jBwIhVa3tFP1nUhCAqJEEOyWLRnpquE7FRWESdmkEU9EFZkBPVoLAbGmAs_zzfo9rvi54RcyP87DdqMEHYA_gRy05qqP34lOjBDkPu3tWO17LMIB1EjUNlHYJk50BfcIRLg2juqohqpDXg8N-K2dfhbWORQ3yAU7V2h4OdEHQrGs_uMPTTUopke3Vsq59kQrUgTYoVUA5o4rWQa0ExJJpAQYFthdg60wqrJPxxzcVWsS77AhWDsVcrXErSQwiuuxuEiqiMFXpFpvSzrIkWtb6xLtt-EdPlgwsW8hl7fkU1WSGLCTnvVAQ2-WYIs36YIwRBbjPP6EweSLYVcnWy5TP0zpTvvuHPxmvvlvMA7Ja7_jPxf-Jqr1LUa3evz-EE-ve4LTuGOJl6OPESd-OA1aYwYWUjtummxQqgvjzBWjFsk-w8oIdT3-dhwyot6m_AI-U1h_ajC9jNa-jyx7tJc6_ymNjoHIzBk-4xXI4sLzVckef4Hek-w-Tb53d0GZcGHFCs_RSzMcagA_24fuZC8bB1inPKmaqACWl0lkxBtLWLsHNjXbTM8oO12qOXARrIHFiIC_c-kkKh4PVmMFcgVMjHqu6uoFZb4zSuj8pAKCFZ3Hiad1udwE8n4h_JUgM3tF_N_SnR4-Mwnj-s5xpZq7qbpWJH0WBsQu4Bxv23zEv0ZEMYXdCTdKPOKD0PuQSrWU03busquoBPXh66R6iNsGqkBm6XLqVaIIyrz9My3TLJACWntKWmgttcKMmkbxLqZoqgAekC8CnNDUV0rV69VTwFRkEZIGc4lLmqsrvbr2TKV6Ss&itm_campaign=SRC_YPD_TKA_PLA_UNK_ALL_UNK_UNK_UNK_UNK_X.5781_Y.491986_Z.1075578_CN.Chuot-VP-khong-day-HXSJ---1&itm_medium=CPC&itm_source=tiki-ads&reqid=F6Is70XiAa&pos=81&redirect=https%3A%2F%2Ftiki.vn%2Fchuot-khong-day-choi-game-hxsj-x801-thiet-ke-doc-la-led-rgb-doi-mau-click-chong-on-dpi-1600-hang-chinh-hang-p104261141.html%3Fspid%3D104261143,Chuột không dây chơi game HXSJ X801 thiết kế độc lạ Led RGB đổi màu click chống ồn DPI 1600 - Hàng chính hãng,287.000 ₫,499.000 ₫,-42%,HXSJ Official Store,Thương hiệu: HXSJ,Đã bán 174,6 Tháng,Hóa đơn,Bảo hành bởi nhà bán hàng thông qua Tiki,1600,4.5,74 nhận xét,58,8,2,1,5
81,81,https://tiki.vn/chuot-co-day-dell-ms116-den-hang-chinh-hang-p637038.html?spid=31998688,Chuột Có Dây Dell MS116 (Đen) - Hàng Chính Hãng,109.000 ₫,Non,Non,NGUYENVUSTORE,Thương hiệu: Dell,Đã bán 1000+,0,0,12 Tháng,Trung Quốc,4.7,172 nhận xét,140,23,5,0,4
82,82,https://tiki.vn/chuot-co-day-logitech-m105-hang-chinh-hang-p55897.html?spid=38759987,Chuột Có Dây Logitech M105 - Hàng chính hãng,129.000 ₫,Non,Non,NGUYENVUSTORE,Thương hiệu: Logitech,Đã bán 706,12 Tháng,Điện tử,Bảo hành bởi nhà bán hàng thông qua Tiki,1000 Dpi,4.9,179 nhận xét,158,17,4,0,0
83,83,https://tiki.vn/chuot-led-rgb-3200-dpi-gaming-mouse-a868-p73258986.html?spid=73258992,Chuột LED RGB 3200 DPI Gaming Mouse A868,150.000 ₫,Non,Non,Tech7,Thương hiệu: OEM,Đã bán 241,3 Tháng,Phiếu bảo hành,Bảo hành bởi nhà bán hàng thông qua Tiki,3200,4.8,91 nhận xét,75,13,2,1,0
84,84,https://tka.tiki.vn/pixel/pixel?CLICK=&data=djAwMdp0MyNWieg76RhQGZyahltzN4ZDuRNEJS_rW4VjjZFNgbOhqpjMsyy5C6K9RMcTXk5y40Nz5jqejg6r3bqryLYII32trhYtc7sOEij1PVsDOZzckLWPYUK4Bqs9m-KIuUsCaJtXocVdl_sFOrHubAcPV_p_fFlqvt6LKYyFlnatOc7BUk7PxE4Nb8mD2J7A7xlxb30qOMxCC9YRPmdsZgl8_tEfEZypZ-qNOWd67zFqB5g8w05bpUztiloI6GFxlDtK2vETsRC4Bsm4L1EI1FSpXPcLm7kuf5j2r5tyht9OU86FQNnGFX0MFUPKajO4EI1fJlBCBKnwtyHfpDwEBIiALkZkRKuy3dwbhZ1nv2USohEPfljyCFVA3AKJDp9DhCQxfN82IGVYHUg6fASLAhvms03maLHErnAK54FnkHfDbi8dkvnQ_OIwarJH6PaW2lRi5wd5AeJSuOYv9dhPs42a08nAwlPzWMqtyYkiIqK5d5i1SWBbLZRm4DKhgdbLeyG9NpGVwnFWaz5GTDyJE-bxjxBaHtZDnLgtINfVQnciDxDI8Ie1Riyb0j0HEO54sqIDrVvMSH95Ctuc2Wc22_5myHK7GzUF_lJgsfPqU7kvtoCq4d5bI6P6I0DyJYPwsP5reT3etO70LBU2TNMS-aPmBDK2RPBUbV26e87xObjdA94wr1AKsSFE2uCVRnMcwCtyJXtPwegQoCiCCrNIRLQuTsJmX9ASP6yTD1IGT425LkPfdnV_OI_-Q-vSlsd-pR1mxP_CPwTDb-shZxr5VBKgvTpyVe0Uw951LkaqZjF0zyTIsYLfwjafh4khuIg-cgricjs-wyGhUCCfsuxjfLRzmJMmqZXB3SV0PdcbiXUs0FzRF9GkW23nd-OGptChiUe1Ap4BR3EIqaCnbLCI4pGupbVPyzwtBP7xKy7hr7RWrvvC0wq2VMT-asZHKJLSM8KQ6kTTa67RZ72NXxu3IK9SwNTpxF-4HdfT7ZDqeEIyI6-MexWUFfoMJaX4OLfRFsM&itm_campaign=SRC_YPD_TKA_PLA_UNK_ALL_UNK_UNK_UNK_UNK_X.80337_Y.715144_Z.1427786_CN.phim-chuot-gia-tri-cao-600d&itm_medium=CPC&itm_source=tiki-ads&reqid=F6Is70XiAa&pos=85&redirect=https%3A%2F%2Ftiki.vn%2Fbo-ban-phim-va-chuot-choi-game-co-10-che-do-led-khac-nhau-xsmart-t6rgb-super-pro-2021-tuong-thich-may-tinh-pc-laptop-hang-chinh-hang-p98082565.html%3Fspid%3D98082566,Bộ Bàn Phím Và Chuột Chơi Game Có 10 Chế Độ Led Khác Nhau XSmart T6RGB Super PRO 2021 Tương Thích Máy Tính PC Laptop - Hàng Chính Hãng,369.000 ₫,Non,Non,XSmart,Thương hiệu: XSmart,Đã bán 6,3 Tháng,Điện tử,Bảo hành bởi nhà bán hàng thông qua Tiki,2021,4.5,4 nhận xét,2,2,0,0,0
85,85,https://tiki.vn/chuot-co-day-inphic-pb20p-click-khong-tieng-dong-hang-nhap-khau-p121238757.html?spid=121238758,Chuột có dây Inphic PB20P click không tiếng động - Hàng nhập khẩu,55.000 ₫,Non,Non,Yes or No,Thương hiệu: Inphic,Đã bán 25,3 Tháng,Hóa đơn,Bảo hành bởi nhà bán hàng thông qua Tiki,             ,5,8 nhận xét,8,0,0,0,0
86,86,https://tiki.vn/chuot-fuhlen-l102-optical-black-usb-hang-chinh-hang-p20918056.html?spid=92082155,Chuột Fuhlen L102 Optical Black USB - Hàng Chính Hãng,123.000 ₫,Non,Non,Extreme Zero Online,Thương hiệu: Fuhlen,Đã bán 103,24 Tháng,Tem bảo hành,Bảo hành chính hãng,USB,4.8,24 nhận xét,20,4,0,0,0
87,87,https://tiki.vn/chuot-quang-co-day-rapoo-n120-hang-chinh-hang-p68821232.html?spid=70857912,Chuột quang có dây Rapoo N120 - Hàng Chính Hãng,62.000 ₫,Non,Non,Vi Tính Lê Huy,Thương hiệu: Rapoo,Đã bán 62,12 Tháng,Tem bảo hành,Bảo hành chính hãng,N120,4.9,10 nhận xét,9,1,0,0,0
88,88,https://tka.tiki.vn/pixel/pixel?CLICK=&data=djAwMai5u45w8BPnCOnUD4KAgDORhRbhHyNlCPyiq71_AVOkVxAF4R_OtLGAQ5Y4z_PO_AmlT4F-Baz0qPDHJApRxQHZKNAACd70FgxgF80rCqatvPsOm519HyeG1WzghVw2wurzDX07a2v4C3I6vjgazx_GHYAuepQsdEJ7O90PYPTRltmMNQiEal2Rm6eQkOdlVnjM2iyqjCBDGIJXVji_DQxI8ofYAzBihJk3rf1b09R3y-SqFvyBarLyfLJ5HZzIG4Zrmae0vrCPE0oX_bI5CFhJIP5t3ECSSe_8nuZ-QNNgd64oo0eUQUSbcTykf1bmV4lpGjqYIY6qzIfuaVvibiBc4olFXr8ASmEmB7JbiDJTMHpUTSQKPZF1p4j_rn44jR6nBSwpEWc9TJbCfUMfMS7CEH2SCOJTvjQMH6cv3TNueM26LqX7Eg2KDM8UQot2uUGUBJkP2Q-P1H9caPTLxbOQJ2hNo18k8T8_xXVNRIhtnBHATXGFVLQPnMlaqP0HvShT3cSIlK3a32qQ1B40SCutYi8XjmALf20JVmvQFW8MVI7ZDGP_Q11mZQoSh4O9PgNklyfpAVGeVwt4OKEgYD9ricbuqfG3GXiVjV74yAXJHFRA-b0YsVh1mvehwBb7owfN5NHC8hvidPraratAAWDy0jENbtXP0QU9CujXAr6MpDr03DFhPS4HduURBg3ktDo32nPprkL7JXQEaNn-IrdV92JjK3A9r2JLUcNqcsLyYkGmPnapi_fIlt70C3IRTBGAv7_wonxDaeWgfv_CcgE7PTsp_iul_PFqjOyYMqzwTFlZ405tKO0XUo26PuuPOFvpvdBk6BDLk4Azg5CvdVClYPijhQYO3wmJfJzPqhq60tMJUpZ4kp9MahvJ6GUdM3WQ9Ne_W0ilRD8Xmm0Rw4c2mIhSJjHFIsem9wgNVG0WPReMNIxngIcDwGvkUnoXOoziTDwkr8mFuMZi1S5w9ie7yNxaJkMc-W1cv1EpNC3ZJH74R0QA-gGhWvqDuSyaYvhGJqBHjOfv63p4lPGQuiG9JUZHrq3nADR6wg&itm_campaign=SRC_YPD_TKA_PLA_UNK_ALL_UNK_UNK_UNK_UNK_X.73554_Y.646567_Z.1470422_CN.T9_Chuot&itm_medium=CPC&itm_source=tiki-ads&reqid=F6Is70XiAa&pos=89&redirect=https%3A%2F%2Ftiki.vn%2Fchuot-khong-day-prolink-pmw5009-hang-chinh-hang-p72308460.html%3Fspid%3D72308466,Chuột không dây PROLiNK PMW5009- Hàng chính hãng,146.000 ₫,180.000 ₫,-19%,Prolink Official Store,Thương hiệu: Prolink,Đã bán 36,12 Tháng,Tem bảo hành,Bảo hành chính hãng,113 x 60 x 32 (mm),4.7,15 nhận xét,11,4,0,0,0
89,89,https://tiki.vn/chuot-co-day-genius-dx-110-cong-usb-mau-den-hang-nhap-khau-p25739052.html?spid=138564118,Chuột Có Dây Genius DX-110 cổng USB (Màu Đen) - Hàng Nhập Khẩu,69.000 ₫,Non,Non,Non,Thương hiệu: Genius,0,0,0,0,0,4.5,2 nhận xét,1,1,0,0,0
90,90,https://tiki.vn/chuot-van-phong-chuot-game-co-day-a867-hxsj-hang-chinh-hang-p56445715.html?spid=56445716,"Chuột Văn Phòng, Chuột Game Có Dây A867 HXSJ - Hàng chính hãng",222.000 ₫,289.000 ₫,-23%,HXSJ Official Store,Thương hiệu: HXSJ,Đã bán 245,12 Tháng,Hóa đơn,Bảo hành bởi nhà bán hàng thông qua Tiki,A867,4.7,93 nhận xét,72,15,3,1,2
91,91,https://tiki.vn/chuot-co-day-fuhlen-x102s-hang-chinh-hang-p15446219.html?spid=82918659,Chuột có dây Fuhlen X102S - Hàng chính hãng,219.000 ₫,Non,Non,Extreme Zero Online,Thương hiệu: Fuhlen,Đã bán 139,24 Tháng,Tem bảo hành,Bảo hành chính hãng,110X59X30mm,4.8,51 nhận xét,44,6,1,0,0
92,92,https://tka.tiki.vn/pixel/pixel?CLICK=&data=djAwMQvKac2uiMWrdUX7dhtRlPZlrGXx5VnMrl0V3jj8ChA1PVNYa2oq4faM3q8r_X5zQKcFXUBEsFONFNzWmu9e2x4EriA3_wdMSUXn7VpR3EKyZeKzvaKYai_gILyd6WClqy1XSUfhhnHCEPwf7wBFfqzXvMv_G_SMUNwcojD6G3dF-ds-LpmowXAJHE6YMwhp7IlHSBB6arDPhI890nkinhBGxbvs0hdmOSqqyMrlkoEXU7yvwuKtTAuM5lqFsGsXeR1pawwdo2RgLDINgka7uBjN6dSMSXYPl_g3fQXZSrEe0gna4LWYmffBvp_Gp359ZwAPaq4nOZjt-IZHRYCd9jqUHGL5tczlJfoxBoiUG2ozWqJI2jxVf8fwpO1Rg6v9mdVCHKmS9l6t4oznJOSNZy-lcSb9LPzV0GKnNCXfHndqEW86KGuk4gKjXg6cpUCPpq5OEvohuO5aBO4uDl7Dbj4ExnHK4yzCLj8T0ug9vSgSPu1UBqYgeBlHWyo8blw1QtYv-0qKnxRfuUDBCbT0N5Z8mnTHLrslsN5MK7ZhSFqC1tk6gvgz9V62Mbal6gslD1WLBE3us3Uz4GVwsagJiBryxrxrzmpgmyVAaKfb-TI3YMouo1RBMjaS-k408afogbmODGzRoN41g_I4dqKz-kEiGvJYuMiecbz0zAfWHNQ8rQ1dZLNpVGYhPtKbo7UpxqRmM_IvtKKGJoFpV8VXXXC28UGYqDZOezqB5cHn-vYDjVsP509G-qwwNk0feT-lARmISKvdhnU-EKshuNTrDQvKoS8TWSzeWSw_8WfII3MGwDt-Y4yqoAzIZFAwHdqqrdiVDCeIXCr0nk0kBGKlVBNLxhebKBR_TBFpiXb7Y8F7_S_2ZlqEUI1uOynvKs10Hiu_1lnVAmDMbnTu6X2rWo3kRCYnM6KJW8BdhYSjZoRqcAumFwtTWVJIL4w2xRPkuOj1hh5ogdGlpw272JrzMPZ9RHv8J6FtvNl55LhIkezbNGq-Ti0fcqMd7MiAMmP4bQ5FUh8_8c-ChUGsBDytnY-KtGw&itm_campaign=SRC_YPD_TKA_PLA_UNK_ALL_UNK_UNK_UNK_UNK_X.73554_Y.646567_Z.1529357_CN.T9_Chuot&itm_medium=CPC&itm_source=tiki-ads&reqid=F6Is70XiAa&pos=93&redirect=https%3A%2F%2Ftiki.vn%2Fchuot-may-tinh-khong-day-prolink-pmw5009-wireless-mouse-hang-chinh-hang-p138223136.html%3Fspid%3D138223138,Chuột Máy Tính Không Dây PROLiNK PMW5009 Wireless Mouse - Hàng Chính Hãng,151.050 ₫,159.000 ₫,-5%,Prolink Official Store,Thương hiệu: Prolink,0,12 Tháng,Tem bảo hành,Bảo hành chính hãng,113 x 60 x 32 (mm),Non,Non,0,0,0,0,0
93,93,https://tiki.vn/chuot-co-day-newmen-m180-hang-chinh-hang-p373571.html?spid=48255378,Chuột Có Dây Newmen M180 - Hàng Chính Hãng,77.000 ₫,Non,Non,Máy tính Lanh Dung,Thương hiệu: Newmen,Đã bán 191,0,0,0,Newmen M180,4.7,39 nhận xét,29,8,1,1,0
94,94,https://tiki.vn/chuot-co-day-logitech-m105-hang-chinh-hang-p8159498.html?spid=8159502,Chuột có dây LOGITECH M105 - Hàng Chính Hãng,129.000 ₫,Non,Non,IT CHÍNH HÃNG (HCM),Thương hiệu: Logitech,Đã bán 124,0,0,0,M105,4.8,27 nhận xét,23,2,2,0,0
95,95,https://tiki.vn/chuot-quang-k1-co-day-usb-led-doi-mau-p22080887.html?spid=52507055,Chuột quang K1 có dây USB LED đổi màu,60.000 ₫,64.000 ₫,-6%,,Thương hiệu: OEM,Đã bán 63,0,0,0,0,4.7,22 nhận xét,18,3,0,0,1
96,96,https://tka.tiki.vn/pixel/pixel?CLICK=&data=djAwMY7mLzOVAa1nKYyPby2bO1PzIq-YoFOZjd9LBF9P4KZwvBrxeLEBOKHkWrtsVyi2_bxF-go7iueGczGx8bw_ycxC4wioJ4QRcwTNZ_Ugpl6QxToJXg2qtRbyrYmwoXeo2H9mhWOovy6bWQSGSL7_EyL8CLhUs6Uy4Z69TQbU-gaYOxtAmSSNRjgJRbrZ_cqs5JP8OekjF1V4tAxv3DF6RQgDle_-0tK2fu2ZnQDu5zykJN4I6ng3YDC9ariyVzEJu5z-pvrQ1bh9bTSiP3osd6nnGtVTbSVAUDUkAOO_gWeRrnSPUWfIpyx6xHjklCZHyXrLk_bS-XktDfwJOmfMWEAdBgYxbDjiUMpEHNZYifS4Atbz3b2hiwXfQDx5MUWl_wUfF6SZ33I3Y1CLNECbVX2-wEoOxAIsU2vvWwA1eTGacHXMK-CqZHo1EyO6BQ1cTCUIUxSQJ_Hejs8N7hu3JVAuqovbH1CNRvPVYA0D4aGc6X4CDHy2a4ygvQ4OQEIP5V37XO4FGuiJ-91k-Wo3OgD3jYO-UzBkWf0BiLJTTyryjhS-Ai70_cUDjW4Y_Rk0Prp6iP1WL2tTVqvcciFpyyRDJTfDgaseYRWLXRLgj1sERkbm9lJeAK7XCXeizXQowXvHY3Zm2LRAJU66jwyM5Fpddq0zp_rafYBSexAMQVzNoPaLiU5Ivn2FF-5RGqDk1GPByld29UBV6rgXoLlFAfIBAvBTmCywCRuoEsRFBoEP2IM3uu_Nh-gzDckSI2IapX3_02NXXlsYBnL05PpSy40zX2gN9A8PnsKV4E0nszr5n7oqUSXRgnBhVk6glPfuyY1NEUh1H1frwNIov0gRAnQv7A4gUyxu7zPN1a3GS-DEX7DFSrCLlq6fuaRQmxSuvkAPnqquCuOcTwsIKBIqFjAGSTte8TBu8d-1aOvtAOkj8NBJ2HdhwDVz2si4CvURmC6mneIEE4nrdjKC_IBvtmlFwWumI-3NN0B_FQ-9-37ZMH566w8DpoyHByDNRecmmIiryeqJoDmopx6lToJzJmQ0yg&itm_campaign=SRC_YPD_TKA_PLA_UNK_ALL_UNK_UNK_UNK_UNK_X.74407_Y.657997_Z.1343745_CN.400d-new&itm_medium=CPC&itm_source=tiki-ads&reqid=F6Is70XiAa&pos=97&redirect=https%3A%2F%2Ftiki.vn%2Fchuot-game-co-day-xsmart-free-wolf-v5-led-7-mau-cuc-dep-chuyen-gaming-sieu-ben-chinh-duoc-dpi-hang-chinh-hang-p96466997.html%3Fspid%3D96467002,"Chuột Game Có Dây XSmart FREE WOLF V5 LED 7 màu cực đẹp chuyên gaming, siêu bền, chỉnh được dpi - Hàng Chính Hãng",149.000 ₫,Non,Non,XSmart,Thương hiệu: XSmart,Đã bán 163,3 Tháng,Điện tử,Bảo hành bởi nhà bán hàng thông qua Tiki,3200 Dpi,4.6,72 nhận xét,55,11,2,1,3
97,97,https://tiki.vn/chuot-quang-macro-hxjs-j900-rgb-be-mat-luoi-xuyen-thau-cuc-dep-dpi-6400-hang-chinh-hang-p56879851.html?spid=56879852,Chuột Quang MACRO HXJS J900 RGB Bề Mặt Lưới Xuyên Thấu Cực Đẹp DPI 6400 - Hàng chính hãng,232.000 ₫,249.000 ₫,-7%,HXSJ Official Store,Thương hiệu: HXSJ,Đã bán 126,6 Tháng,Hóa đơn,Bảo hành bởi nhà bán hàng thông qua Tiki,6400,4.6,42 nhận xét,34,4,1,1,2
98,98,https://tiki.vn/chuot-co-day-elecom-m-k6ur-cho-dan-van-phong-bao-hanh-12-thang-p117444268.html?spid=117444272,Chuột có dây ELECOM M-K6UR cho dân văn phòng hàng chính hãng,85.000 ₫,149.000 ₫,-43%,ELECOM store,Thương hiệu: Elecom,0,0,0,0,"Chiều rộng 53,0 mm x chiều sâu 92,0 mm × chiều cao 36,4 mm",Non,Non,0,0,0,0,0
99,99,https://tiki.vn/chuot-van-phong-co-day-b100-p29452939.html?spid=52328562,Chuột văn phòng có dây B100,98.000 ₫,Non,Non,NGUYENVUSTORE,Thương hiệu: OEM,Đã bán 206,12 Tháng,Điện tử,Bảo hành bởi nhà bán hàng thông qua Tiki,0,4.8,16 nhận xét,13,3,0,0,0
100,100,https://tiki.vn/chuo-t-co-day-genius-dx-120-hang-chinh-hang-p310917.html?spid=135217196,Chuột Có Dây Genius DX-120 - Hàng Chính Hãng,75.000 ₫,Non,Non,Siêu Thị Điện Máy Từ Sơn,Thương hiệu: Genius,0,12 Tháng,Tem bảo hành,Bảo hành bởi nhà bán hàng thông qua Tiki,Trung Quốc,Non,Non,0,0,0,0,0
101,101,https://tiki.vn/chuot-co-day-prolink-pmc1005-gbr-1200dpi-3-button-hang-chinh-hang-p72309016.html?spid=72309020,Chuột có dây PROLiNK PMC1005 GBR 1200dpi/3-button- Hàng chính hãng,89.000 ₫,120.000 ₫,-26%,,Thương hiệu: Prolink,Đã bán 39,6 Tháng,Tem bảo hành,Bảo hành chính hãng,1000DPI,4.6,10 nhận xét,7,2,1,0,0
102,102,https://tiki.vn/chuot-co-day-zadez-zm-121-hang-chinh-hang-p74539784.html?spid=74539785,Chuột có dây ZADEZ ZM-121 - Hàng Chính Hãng,100.000 ₫,Non,Non,ZADEZ Official Store,Thương hiệu: Zadez,Đã bán 21,12 Tháng,Hóa đơn,Bảo hành chính hãng,1000 DPI,4.9,7 nhận xét,6,1,0,0,0
103,103,https://tiki.vn/chuot-co-day-a4tech-n-70fx-1-hang-chinh-hang-p479091.html?spid=2447941,Chuột Có Dây A4Tech N-70FX-1 - Hàng Chính Hãng,179.000 ₫,Non,Non,Nova Computer,Thương hiệu: A4Tech,Đã bán 135,12 Tháng,Tem bảo hành,Bảo hành chính hãng,Trung Quốc,4.7,16 nhận xét,11,5,0,0,0
104,104,https://tiki.vn/chuot-co-day-rapoo-n200-den-hang-chinh-hang-p125417226.html?spid=125417227,Chuột Có Dây Rapoo N200 Đen - Hàng chính hãng,100.000 ₫,Non,Non,Thế Giới Di Động Official,Thương hiệu: Rapoo,0,12 Tháng,Điện tử,Bảo hành chính hãng,1600 DPI,Non,Non,0,0,0,0,0
105,105,https://tiki.vn/chuot-mitsumi-6703-usb-den-hang-chinh-hang-p637047.html?spid=14044953,Chuột Mitsumi 6703 USB (Đen) - Hàng Chính Hãng,106.000 ₫,Non,Non,TIN HỌC THÀNH NHÂN,Thương hiệu: Mitsumi,Đã bán 103,0,0,12 Tháng,Trung Quốc,4.8,13 nhận xét,11,1,1,0,0
106,106,https://tiki.vn/chuot-co-day-ngo-nghinh-p51137249.html?spid=51137253,chuột có dây ngộ nghĩnh,149.000 ₫,1.200.000 ₫,-88%,Công Nghệ Việt Anh,Thương hiệu: OEM,Đã bán 23,6 Tháng,Tem bảo hành,Bảo hành bởi nhà bán hàng thông qua Tiki,1000 DPI,4.3,7 nhận xét,4,1,2,0,0
107,107,https://tiki.vn/chuot-x9-led-7-mau-chuyen-game-do-phan-giai-len-den-4000-dpi-hang-nhap-khau-p23035751.html?spid=23035753,Chuột X9 Led 7 Màu Chuyên Game độ phân giải lên đến 4000 dpi - HÀNG NHẬP KHẨU,109.999 ₫,Non,Non,HOÀNG NHÂN COMPUTER,Thương hiệu: GENERAL,Đã bán 2,0,0,6 Tháng,CHUỘT DÂY X9,1,1 nhận xét,0,0,0,0,1
108,108,https://tiki.vn/chuot-co-day-a4tech-n-360-hang-chinh-hang-p191363.html?spid=25409752,Chuột Có Dây A4Tech N-360 - Hàng Chính Hãng,125.000 ₫,190.000 ₫,-34%,Bảo Hân Treasures,Thương hiệu: A4Tech,Đã bán 22,12 Tháng,Tem bảo hành,Bảo hành chính hãng,Khoảng 10.3 x 6.3 x 3.7 cm,4,2 nhận xét,1,0,1,0,0
109,109,https://tiki.vn/chuot-co-day-prolink-pmc1005-tfn-1200dpi-3-button-hang-chinh-hang-p72308205.html?spid=72308206,Chuột có dây PROLiNK PMC1005 TFN 1200dpi/3-button- Hàng chính hãng,89.000 ₫,120.000 ₫,-26%,,Thương hiệu: Prolink,Đã bán 26,12 Tháng,Tem bảo hành,Bảo hành chính hãng,1000DPI,4.6,11 nhận xét,7,4,0,0,0
110,110,https://tiki.vn/chuot-co-day-logitech-m100r-hang-chinh-hang-p370998.html?spid=1094546,Chuột Có Dây Logitech M100R - Hàng Chính Hãng,139.000 ₫,Non,Non,Nova Computer,Thương hiệu: Logitech,Đã bán 453,36 Tháng,Tem bảo hành,Bảo hành chính hãng,M100R,4.2,24 nhận xét,13,6,2,2,1
111,111,https://tiki.vn/chuot-quang-co-day-fortech-m132-hang-chinh-hang-p34455415.html?spid=34455424,Chuột quang có dây Fortech M132 - Hàng chính hãng,89.000 ₫,Non,Non,Tadavietnam,Thương hiệu: Fortech,Đã bán 124,0,0,12 Tháng,"Trong trường hợp quý khách cần hỗ trợ về thông tin sản phẩm, hướng dẫn sử dụng cũng như bảo hành NHANH có thể liên hệ trực tiếp với Tadavietnam thông qua Hotline 0902.07.5959 để được hỗ trợ kịp thời nhé. Trân trọng!",4.7,25 nhận xét,21,3,0,0,1
112,112,https://tiki.vn/chuot-co-day-forter-3900p-led-1500-dpi-hang-chinh-hang-p8469890.html?spid=55394520,Chuột có dây Forter 3900P LED 1500 DPI - Hàng Chính Hãng,199.000 ₫,Non,Non,HOÀNG NHÂN COMPUTER,Thương hiệu: Forter,Đã bán 69,0,0,0,0,4.7,23 nhận xét,19,3,0,0,1
113,113,https://tiki.vn/chuot-co-day-logitech-b100-hang-chinh-hang-p118722616.html?spid=118722677,Chuột có dây LOGITECH B100 - Hàng chính hãng,59.000 ₫,Non,Non,Hưng Thịnh HN,Thương hiệu: Logitech,Đã bán 56,1 Năm,Tem bảo hành,Bảo hành bởi nhà bán hàng thông qua Tiki,Trung Quốc,5,2 nhận xét,2,0,0,0,0
114,114,https://tiki.vn/chuot-co-day-prolink-pmc1005-bgld-cam-bien-quang-hoc-1000dpi-hang-chinh-hang-p72307294.html?spid=72307296,Chuột có dây PROLiNK PMC1005 BGLD cảm biến quang học 1000DPI- Hàng chính hãng,86.000 ₫,120.000 ₫,-28%,Prolink Official Store,Thương hiệu: Prolink,Đã bán 23,12 Tháng,Tem bảo hành,Bảo hành chính hãng,1000DPI,3.5,4 nhận xét,1,2,0,0,1
115,115,https://tiki.vn/chuot-co-day-rapoo-n100-den-hang-chinh-hang-p5473575.html?spid=121261458,Chuột có dây Rapoo N100 - Đen - Hàng Chính Hãng,79.000 ₫,Non,Non,Thế Giới Di Động Official,Thương hiệu: Rapoo,0,12 Tháng,Điện tử,Bảo hành chính hãng,116 x 61.8 x 36 mm,Non,Non,0,0,0,0,0
116,116,https://tiki.vn/chuot-ldk-ai-d1-p1081650.html?spid=66611738,Chuột LDK.ai D1,30.000 ₫,50.000 ₫,-40%,,Thương hiệu: LDK.ai,Đã bán 37,0,0,0,D1,3.8,9 nhận xét,4,1,3,0,1
117,117,https://tiki.vn/chuot-khong-day-pixlink-m100-chong-on-dpi-1600-hang-chinh-hang-p116191285.html?spid=116191289,Chuột không dây PIXLINK M100 chống ồn DPI 1600 - Hàng chính hãng,189.050 ₫,199.000 ₫,-5%,PixLink Technology,Thương hiệu: PIX-LINK,Đã bán 15,6 Tháng,Hóa đơn,Bảo hành bởi nhà bán hàng thông qua Tiki,10.8*6.1 * 2.9cm,5,4 nhận xét,4,0,0,0,0
118,118,https://tiki.vn/chuot-co-day-genius-dx-110-usb-hang-chinh-hang-p162906.html?spid=24864052,Chuột Có Dây Genius DX-110 USB - Hàng Chính Hãng,89.000 ₫,Non,Non,Minh Chau Computer,Thương hiệu: Genius,0,0,0,12 Tháng,1000 Dpi,4.2,10 nhận xét,6,2,1,0,1
119,119,https://tiki.vn/bo-chuot-co-day-va-mieng-lot-kitty-p106887670.html?spid=106887676,Bộ chuột có dây và miếng lót kitty,90.000 ₫,Non,Non,CỬA HÀNG TB VIỄN THÔNG,Thương hiệu: OEM,Đã bán 4,0,0,0,Việt Nam,5,1 nhận xét,1,0,0,0,0
120,120,https://tiki.vn/chuot-phat-quang-choi-game-6-nut-4-toc-do-7-mau-phat-sang-tien-dung-hang-chinh-hang-p76497400.html?spid=76497404,Chuột Phát Quang Chơi Game 6 Nút 4 Tốc Độ 7 Màu Phát Sáng Tiện Dụng- Hàng Chính Hãng,229.000 ₫,Non,Non,SORADO,Thương hiệu: USLION,Đã bán 18,6 Tháng,Hóa đơn,Bảo hành bởi nhà bán hàng thông qua Tiki,Trung Quốc,4.1,8 nhận xét,6,0,0,1,1
121,121,https://tiki.vn/chuot-mitsumi-6603-hang-chinh-hang-p109278725.html?spid=109278726,CHUỘT MITSUMI 6603 HÀNG CHÍNH HÃNG,180.000 ₫,Non,Non,MÁY TÍNH BẢO AN,Thương hiệu: Mitsumi,0,12 Tháng,Tem bảo hành,Bảo hành bởi nhà bán hàng thông qua Tiki,china,Non,Non,0,0,0,0,0
122,122,https://tiki.vn/chuot-co-day-fuhlen-l102-1000dpi-hang-nhap-khau-p5913881.html?spid=31026230,Chuột Có Dây Fuhlen L102 1000DPI - Hàng Nhập Khẩu,90.000 ₫,Non,Non,Shop TT,Thương hiệu: Fuhlen,Đã bán 5,6 Tháng,Tem bảo hành,Bảo hành bởi nhà bán hàng thông qua Tiki,1000DPI,5,1 nhận xét,1,0,0,0,0
123,123,https://tiki.vn/chuot-blueled-elecom-m-y9ub-hang-chinh-hang-p20065095.html?spid=20065106,Chuột BlueLED Elecom M-Y9UB - Hàng chính hãng,249.000 ₫,Non,Non,Happystores,Thương hiệu: Elecom,Đã bán 17,0,0,0,0,4.6,5 nhận xét,3,2,0,0,0
124,124,https://tiki.vn/chuot-vi-tinh-logitech-b100-hang-chinh-hang-p120452960.html?spid=120452970,Chuột Quang USB B100 Hàng Chính Hãng,77.000 ₫,Non,Non,GiaPhucStore,Thương hiệu: Logitech,0,12 Tháng,Hóa đơn,Bảo hành chính hãng,Trung Quốc,Non,Non,0,0,0,0,0
125,125,https://tiki.vn/chuot-co-day-prolink-pmc2002-thiet-ke-ambidextrous-doi-xung-phu-hop-voi-nguoi-thuan-tay-trai-lan-tay-phai-dung-cho-laptop-notebook-pc-va-mac-hang-chinh-hang-p104540669.html?spid=104540671,"Chuột có dây Prolink PMC2002 - Thiết kế Ambidextrous (đối xứng) phù hợp với người thuận tay trái lẫn tay phải, dùng cho Laptop, Notebook, PC và Mac - Hàng chính hãng",86.000 ₫,120.000 ₫,-28%,Prolink Official Store,Thương hiệu: Prolink,Đã bán 7,1 Năm,Tem bảo hành,Bảo hành chính hãng,105 x 60 x 32mm,4.7,3 nhận xét,2,1,0,0,0
126,126,https://tiki.vn/chuot-blueled-elecom-m-y8ub-hang-chinh-hang-p8128152.html?spid=8323642,Chuột BlueLED ELECOM M-Y8UB - Hàng Chính Hãng,199.000 ₫,Non,Non,Happystores,Thương hiệu: Elecom,Đã bán 46,0,0,0,"Kích thước bên ngoài   Khoảng chiều rộng 61,5 × sâu 100,0 × chiều cao 38,0 mm",5,7 nhận xét,7,0,0,0,0
127,127,https://tiki.vn/chuot-co-day-genius-dx120-dx110-cong-usb-hang-chinh-hang-p22437996.html?spid=57397755,Chuột Có Dây Genius (DX120 / DX110) cổng USB - Hàng Chính Hãng,80.500 ₫,Non,Non,KoyShop,Thương hiệu: Genius,Đã bán 14,1 Năm,Tem bảo hành,Bảo hành bởi nhà bán hàng thông qua Tiki,0,4.8,4 nhận xét,3,1,0,0,0
128,128,https://tiki.vn/chuot-game-co-day-b100-hang-nhap-khau-p19850301.html?spid=43980034,Chuột game có dây B100 - Hàng nhập khẩu,69.000 ₫,Non,Non,NGUYENVUSTORE,Thương hiệu: OEM,Đã bán 16,6 Tháng,Tem bảo hành,Bảo hành bởi nhà bán hàng thông qua Tiki,0,4.5,2 nhận xét,1,1,0,0,0
129,129,https://tiki.vn/chuot-co-day-gau-truc-p51343953.html?spid=55854116,Chuột có dây gấu trúc,158.500 ₫,Non,Non,Công Nghệ Việt Anh,Thương hiệu: OEM,Đã bán 4,6 Tháng,Tem bảo hành,Bảo hành bởi nhà bán hàng thông qua Tiki,Trung Quốc,5,1 nhận xét,1,0,0,0,0
130,130,https://tiki.vn/chuot-co-day-a4tech-fm10-hang-chinh-hang-p25770230.html?spid=38877165,Chuột Có Dây A4Tech FM10 - Hàng Chính Hãng,129.990 ₫,Non,Non,HACHI STORE,Thương hiệu: A4Tech,Đã bán 13,12 Tháng,Tem bảo hành,Bảo hành chính hãng,108 x 64 x 35 mm,5,5 nhận xét,5,0,0,0,0
131,131,https://tiki.vn/chuot-co-day-fuhlen-l102-hang-chinh-hang-p105782009.html?spid=114856653,Chuột có dây Fuhlen L102 hàng chính hãng,125.000 ₫,Non,Non,Máy Tính Bảo Minh,Thương hiệu: Fuhlen,0,24 Tháng,Tem bảo hành,Bảo hành chính hãng,Trung Quốc,Non,Non,0,0,0,0,0
132,132,https://tiki.vn/chuot-game-k2-den-led-7-mau-doi-mau-lien-tuc-hot-2019-p96099672.html?spid=96099718,Chuột Game K2 Đèn led 7 màu đổi màu liên tục hot 2019,72.000 ₫,Non,Non,HOÀNG NHÂN COMPUTER,Thương hiệu: OEM,0,0,0,0,Việt Nam,Non,Non,0,0,0,0,0
133,133,https://tiki.vn/chuot-co-day-vision-g8-hang-chinh-hang-p10401660.html?spid=135727975,Chuột Có Dây Vision G8 – Hàng Chính Hãng,85.000 ₫,Non,Non,Shop vi tính và camera hành trinh,Thương hiệu: VSP,0,0,0,0,MCHUOTG8,Non,Non,0,0,0,0,0
134,134,https://tiki.vn/chuot-quang-co-day-singpc-ms-196-hang-chinh-hang-p127551343.html?spid=127551344,Chuột quang có dây SingPC MS-196- Hàng chính hãng,87.000 ₫,Non,Non,SingPC Official Store,Thương hiệu: SINGPC,Đã bán 3,12 Tháng,Tem bảo hành,Bảo hành chính hãng,107.8x65.5x39mm,5,2 nhận xét,2,0,0,0,0
135,135,https://tiki.vn/chuot-van-phong-co-day-limeide-v2-led-7-mau-hang-chinh-hang-p26349211.html?spid=45376630,Chuột văn phòng có dây LIMEIDE V2 Led 7 Màu - Hàng chính hãng,80.900 ₫,99.000 ₫,-18%,HOÀNG NHÂN COMPUTER,Thương hiệu: Limeide,Đã bán 25,0,0,0,0,4.6,12 nhận xét,10,1,0,0,1
136,136,https://tiki.vn/chuot-co-day-ergonomic-microsoft-hang-chinh-hang-p68720250.html?spid=68720252,Chuột có dây Ergonomic Microsoft - Hàng chính hãng,1.489.900 ₫,1.580.000 ₫,-6%,Tiki Trading,Thương hiệu: Microsoft,Đã bán 3,12 Tháng,Điện tử,Bảo hành bởi nhà bán hàng thông qua Tiki,Trung Quốc,3,1 nhận xét,0,0,1,0,0
137,137,https://tiki.vn/chuot-van-phong-co-day-fuhlen-l102-hang-chinh-hang-tang-cap-otg-p24881995.html?spid=24881996,Chuột Văn Phòng Có Dây Fuhlen L102- Hàng Chính Hãng (Tặng Cáp OTG),125.000 ₫,Non,Non,THẠCH GIA,Thương hiệu: Fuhlen,Đã bán 17,0,0,0,0,4.8,5 nhận xét,4,1,0,0,0
138,138,https://tiki.vn/chuot-fuhlen-g90-led-rgb-hang-chinh-hang-p96867733.html?spid=96867737,Chuột Fuhlen G90 Led RGB-hàng chính hãng,416.000 ₫,Non,Non,Điện Máy AZ,Thương hiệu: Fuhlen,0,0,0,0,Việt Nam,Non,Non,0,0,0,0,0
139,139,https://tiki.vn/chuot-van-phong-co-day-p99953077.html?spid=126768150,Chuột văn phòng có dây,149.000 ₫,Non,Non,Gia dụng uy tín,Thương hiệu: OEM,0,0,0,0,Trung Quốc,Non,Non,0,0,0,0,0
140,140,https://tiki.vn/chuot-co-day-blueled-elecom-m-y9ub-hang-chinh-hang-bao-hanh-12-thang-p117173065.html?spid=117173073,CHUỘT CÓ DÂY BLUELED ELECOM M-Y9UB HÀNG CHÍNH HÃNG - BẢO HÀNH 12 THÁNG,159.000 ₫,249.000 ₫,-36%,ELECOM store,Thương hiệu: Elecom,0,12 Tháng,Phiếu bảo hành,Bảo hành chính hãng,"Kích thước bên ngoài
Khoảng rộng 61,5 × sâu 100,0 × cao 38,0 mm",Non,Non,0,0,0,0,0
141,141,https://tiki.vn/chuot-quang-co-day-prolink-pmc1006-hang-chinh-hang-p48467581.html?spid=48516140,"Chuột có dây Prolink PMC1006. Độ Nhạy Tốt, Dây 1.5m, Thiết Kế Nhiều Loại Hoa Văn - Hàng chính hãng",110.000 ₫,Non,Non,Phụ Kiện Số Hoá,Thương hiệu: Prolink,0,12 Tháng,Hóa đơn,Bảo hành chính hãng,1600 dpi,Non,Non,0,0,0,0,0
142,142,https://tiki.vn/chuot-quang-co-day-prolink-pmc1005-hang-chinh-hang-p48516578.html?spid=48516580,"Chuột Có Dây Prolink PMC1005. Độ Nhạy Tốt, Dây 1.5m, Thiết Kế Nhiều Loại Hoa Văn - Hàng Chính Hãng",99.000 ₫,Non,Non,Phụ Kiện Số Hoá,Thương hiệu: Prolink,Đã bán 18,12 Tháng,Hóa đơn,Bảo hành chính hãng,1200 DPI,5,2 nhận xét,2,0,0,0,0
143,143,https://tiki.vn/chuot-co-day-van-phong-mofii-l38s-hang-chinh-hang-p51975969.html?spid=51975971,Chuột có dây văn phòng Mofii L38S - Hàng chính hãng,49.000 ₫,79.000 ₫,-38%,NinzaHCM,Thương hiệu: Mofii,Đã bán 4,12 Tháng,Tem bảo hành,Bảo hành chính hãng,0,4,1 nhận xét,0,1,0,0,0
144,144,https://tiki.vn/chuot-co-day-m-100r-p113576546.html?spid=113576548,Chuột Có Dây M.100R,103.550 ₫,109.000 ₫,-5%,Lingha Fashion,Thương hiệu: OEM,Đã bán 6,3 Tháng,Tem bảo hành,Bảo hành bởi nhà bán hàng thông qua Tiki,Trung Quốc,3,2 nhận xét,1,0,0,0,1
145,145,https://tiki.vn/chuot-khong-day-kieu-dung-chong-moi-tay-2400dpi-p87012550.html?spid=87012551,"Chuột Không Dây Kiểu Đứng, Chống Mỏi Tay 2400DPI",179.000 ₫,Non,Non,Hùng Dũng 68,Thương hiệu: OEM,Đã bán 13,0,0,0,Trung Quốc,4.4,5 nhận xét,2,3,0,0,0
146,146,https://tiki.vn/chuot-van-phong-robot-m120-do-phan-giai-1000-dpi-hang-chinh-hang-p117974558.html?spid=117974559,Chuột Văn Phòng ROBOT M120 - Độ phân giải 1000 DPI - Hàng chính hãng,68.000 ₫,99.000 ₫,-31%,Wook Store,Thương hiệu: Robot,Đã bán 3,1 Năm,Điện tử,Bảo hành chính hãng,china,5,2 nhận xét,2,0,0,0,0
147,147,https://tiki.vn/chuot-co-day-nhat-ban-blue-led-de-thuong-elecom-m-y8ub-hang-chinh-hang-p116969377.html?spid=116969381,Chuột có dây Nhật Bản Blue Led Dễ thương ELECOM M-Y8UB - Hàng chính hãng,165.000 ₫,199.000 ₫,-17%,,Thương hiệu: Elecom,0,12 Tháng,Phiếu bảo hành,Bảo hành chính hãng,"Kích thước bên ngoài : Khoảng chiều rộng 61,5 × sâu 100,0 × chiều cao 38,0 mm",Non,Non,0,0,0,0,0
148,148,https://tiki.vn/chuot-gaming-van-phong-e-dra-em660-lite-hang-chinh-hang-p113331124.html?spid=113331128,Chuột Gaming - Văn Phòng E-Dra EM660 Lite - Hàng Chính Hãng,299.000 ₫,Non,Non,Edra Shop,Thương hiệu: E-DRA,0,24 Tháng,Tem bảo hành,Bảo hành chính hãng,6400 DPI,Non,Non,0,0,0,0,0
149,149,https://tiki.vn/chuot-akko-ag325-pink-hang-nhap-khau-p42715225.html?spid=130961622,Chuột Akko AG325 Pink - Hàng Nhập Khẩu,499.000 ₫,Non,Non,Phụ Kiện Remy,Thương hiệu: AKKO,0,12 Tháng,Điện tử,Bảo hành chính hãng,0,Non,Non,0,0,0,0,0
150,150,https://tiki.vn/chuot-quang-co-day-ms111-p124275132.html?spid=124275135,Chuột Quang Có Dây Ms111,35.000 ₫,Non,Non,MuaOnlineShop,Thương hiệu: OEM,0,0,0,0,Việt Nam,Non,Non,0,0,0,0,0
151,151,https://tiki.vn/chuot-van-phong-e-dra-em601-hang-chinh-hang-p68122644.html?spid=68122645,Chuột văn phòng E-DRA EM601 - Hàng chính hãng,99.000 ₫,Non,Non,Extreme Zero Online,Thương hiệu: E-DRA,0,12 Tháng,Tem bảo hành,Bảo hành chính hãng,EM601,Non,Non,0,0,0,0,0
152,152,https://tiki.vn/chuot-quang-co-day-usb-tang-kem-lot-hang-nhap-khau-p52317583.html?spid=55854176,Chuột quang có dây USB (tặng kèm lót )- Hàng nhập khẩu,83.500 ₫,Non,Non,Công Nghệ Việt Anh,Thương hiệu: OEM,Đã bán 3,6 Tháng,Tem bảo hành,Bảo hành bởi nhà bán hàng thông qua Tiki,Trung Quốc,2,2 nhận xét,0,0,1,0,1
153,153,https://tiki.vn/chuot-b100-mau-den-p99232849.html?spid=111509872,CHUỘT B100 MÀU ĐEN,91.999 ₫,Non,Non,LONG VIỆT Store,Thương hiệu: OEM,0,0,0,0,Việt Nam,Non,Non,0,0,0,0,0
154,154,https://tiki.vn/chuot-quang-khong-day-ftv181-p20634124.html?spid=73812372,Chuột quang không dây FTV181,46.995 ₫,75.000 ₫,-37%,HOÀNG NHÂN COMPUTER,Thương hiệu: OEM,Đã bán 2,1 Tháng,Tem bảo hành,Bảo hành bởi nhà bán hàng thông qua Tiki,0,5,1 nhận xét,1,0,0,0,0
155,155,https://tiki.vn/chuot-quang-co-day-a4tech-720u-cong-usb-mau-den-p116893295.html?spid=116893301,Chuột Quang Có Dây A4Tech 720U Cổng Usb Màu Đen,69.000 ₫,Non,Non,Thiên Thảo Computer,Thương hiệu: A4Tech,0,1 Năm,Tem bảo hành,Bảo hành bởi nhà bán hàng thông qua Tiki,Việt Nam,Non,Non,0,0,0,0,0
156,156,https://tiki.vn/chuot-co-day-blueled-elecom-m-xg4ub-g-hang-chinh-hang-p9956283.html?spid=9956287,Chuột có dây BlueLED Elecom M-XG4UB-G - Hàng chính hãng,499.000 ₫,Non,Non,Happystores,Thương hiệu: Elecom,0,0,0,12 Tháng,0,Non,Non,0,0,0,0,0
157,157,https://tiki.vn/chuot-targus-u660-usb-optical-mouse-mau-den-p123226643.html?spid=123226644,Chuột Targus U660 USB Optical Mouse - Màu Đen- Hãng chính hãng,149.000 ₫,Non,Non,Vstar Technology Store,Thương hiệu: Targus,0,3 Năm,Hóa đơn,Bảo hành chính hãng,1600 DPI,Non,Non,0,0,0,0,0
158,158,https://tiki.vn/chuot-co-day-vision-g8-hang-nhap-khau-p23198050.html?spid=66568390,Chuột Có Dây Vision G8 - Hàng Nhập Khẩu,82.000 ₫,99.000 ₫,-17%,,Thương hiệu: VSP,Đã bán 6,0,0,0,MCHUOTG8,5,1 nhận xét,1,0,0,0,0
159,159,https://tiki.vn/chuot-quang-usb-a4tech-2x-click-p126961155.html?spid=126961156,CHUỘT QUANG USB A4TECH 2X CLICK - HÀNG CHÍNH HÃNG,40.000 ₫,Non,Non,dientutienhungqn,Thương hiệu: A4Tech,0,0,0,0,Việt Nam,Non,Non,0,0,0,0,0
160,160,https://tiki.vn/chuot-co-day-fuhlen-l102-pink-mau-hong-hang-chinh-hang-p109368497.html?spid=109368498,Chuột Có Dây Fuhlen L102 Pink (Màu Hồng) - Hàng Chính Hãng,139.000 ₫,Non,Non,Nguyễn Ninh Media,Thương hiệu: Fuhlen,Đã bán 4,24 Tháng,Tem bảo hành,Bảo hành bởi nhà bán hàng thông qua Tiki,Trung Quốc,5,1 nhận xét,1,0,0,0,0
161,161,https://tiki.vn/chuot-co-day-mini-panda-mouse-p31520425.html?spid=31520429,Chuột có dây mini Panda Mouse,109.999 ₫,Non,Non,Sáng Tạo 88,Thương hiệu: OEM,Đã bán 10,9 Tháng,Tem bảo hành,Bảo hành bởi nhà bán hàng thông qua Tiki,95*69*36mm,3,1 nhận xét,0,0,1,0,0
162,162,https://tiki.vn/chuot-co-day-fuhlen-l102-mau-moi-hang-chinh-hang-p105320342.html?spid=110111523,Chuột có dây Fuhlen L102 mẫu mới - Hàng chính hãng,119.000 ₫,Non,Non,Máy Tính Bảo Minh,Thương hiệu: Fuhlen,0,24 Tháng,Tem bảo hành,Bảo hành chính hãng,Chuột fuhlen L102,Non,Non,0,0,0,0,0
163,163,https://tiki.vn/chuot-co-day-konig-km816-hang-chinh-hang-p16927143.html?spid=17614384,Chuột Có Dây Konig KM816 - Hàng Chính Hãng,99.000 ₫,Non,Non,FIUME,Thương hiệu: Konig,Đã bán 59,0,0,24 Tháng,0,4.6,10 nhận xét,6,4,0,0,0
164,164,https://tiki.vn/chuot-co-day-genius-110x-hang-nhap-khau-p36236690.html?spid=49620655,Chuột có dây GENIUS 110X- Hàng Nhập Khẩu,180.000 ₫,Non,Non,Shop Đồ Chơi Công Nghệ,Thương hiệu: Genius,Đã bán 5,0,0,0,0,1,1 nhận xét,0,0,0,0,1
165,165,https://tiki.vn/chuot-choi-game-led-co-day-k1-p96127895.html?spid=107861214,Chuột Chơi Game LED Có Dây - K1,98.000 ₫,Non,Non,VI TÍNH NAM TRUNG HẢI,Thương hiệu: OEM,0,0,0,0,Việt Nam,Non,Non,0,0,0,0,0
166,166,https://tiki.vn/chuot-quang-co-day-a4tech-op-620-1000-dpi-hang-chinh-hang-p50308492.html?spid=54006939,Chuột Quang Có Dây A4Tech OP-620 1000 DPI - Hàng Chính Hãng,99.000 ₫,Non,Non,IT CHÍNH HÃNG (HCM),Thương hiệu: A4Tech,0,12 Tháng,Hóa đơn,Bảo hành chính hãng,1000 DPI,Non,Non,0,0,0,0,0
167,167,https://tiki.vn/chuot-bi-co-day-elecom-m-ht1urbk-p121242527.html?spid=121242533,Chuột Bi có dây Elecom M-HT1URBK-Hàng chính hãng,2.090.000 ₫,Non,Non,Thành Nhân TNC,Thương hiệu: Elecom,0,1 Năm,Tem bảo hành,Bảo hành bởi nhà bán hàng thông qua Tiki,Trung Quốc,Non,Non,0,0,0,0,0
168,168,https://tiki.vn/chuot-co-day-a4tech-op-330-hang-chinh-hang-p104849809.html?spid=104849810,Chuột Có Dây A4TECH OP-330 - Hàng Chính Hãng,79.990 ₫,Non,Non,HACHI STORE,Thương hiệu: A4Tech,0,12 Tháng,Tem bảo hành,Bảo hành chính hãng,12mm x 61mm x 37mm,Non,Non,0,0,0,0,0
169,169,https://tiki.vn/chuot-day-hinh-con-rua-cong-usb-p108953094.html?spid=108953098,CHUỘT DÂY HÌNH CON RÙA CỔNG USB,50.000 ₫,Non,Non,Trọng Phú mobile,Thương hiệu: OEM,0,0,0,0,Việt Nam,Non,Non,0,0,0,0,0
170,170,https://tiki.vn/chuot-scan-king-jim-msc20-quet-tai-lieu-de-dang-hang-chinh-hang-p22045854.html?spid=22045857,Chuột scan King Jim MSC20 quét tài liệu dễ dàng - HÀNG CHÍNH HÃNG,520.000 ₫,1.149.000 ₫,-55%,vanphongpham365,Thương hiệu: King Jim,Đã bán 4,0,0,0,MSC20,5,1 nhận xét,1,0,0,0,0
171,171,https://tiki.vn/chuot-fuhlen-g90-pro-led-rgb-hang-chinh-hang-p104070025.html?spid=104070026,Chuột Fuhlen G90 Pro Led RGB - Hàng chính hãng,550.000 ₫,Non,Non,AChauComputer,Thương hiệu: Fuhlen,0,24 Tháng,Tem bảo hành,Bảo hành chính hãng,Việt Nam,Non,Non,0,0,0,0,0
172,172,https://tiki.vn/chuot-co-day-blueled-1600dpi-elecom-m-xg1ub-hang-chinh-hang-bao-hanh-12-thang-p116841452.html?spid=116841454,Chuột có dây BlueLED 1600dpi ELECOM M-XG1UB Hàng Chính Hãng -,245.000 ₫,590.000 ₫,-58%,,Thương hiệu: Elecom,0,12 Tháng,Phiếu bảo hành,Bảo hành chính hãng,"Kích thước bên ngoài : Chiều rộng 70,0 mm x chiều sâu 110,0 mm × chiều cao 40,0 mm
- Phân loại kích thước : Kích thước M",Non,Non,0,0,0,0,0
173,173,https://tiki.vn/chuot-l102-co-day-p19578674.html?spid=57821212,Chuột L102 Có Dây,106.000 ₫,Non,Non,Trung Oanh Computer,Thương hiệu: OEM,Đã bán 2,0,0,0,0,4,2 nhận xét,1,0,1,0,0
174,174,https://tiki.vn/chuot-bosston-d609-mau-ngau-nhien-hang-chinh-hang-p33145176.html?spid=44768976,Chuột Bosston D609 - Màu ngẫu nhiên- Hàng chính hãng,62.400 ₫,Non,Non,AIG MediaTech,Thương hiệu: Bosston,0,0,0,0,0,Non,Non,0,0,0,0,0
175,175,https://tiki.vn/chuot-co-day-e-dra-em614-led-7-mau-4000-dpi-hang-chinh-hang-p47005717.html?spid=70115328,Chuột Có Dây E-Dra EM614 Led 7 Màu 4000 DPI - Hàng Chính Hãng,239.000 ₫,Non,Non,Extreme Zero Online,Thương hiệu: E-DRA,Đã bán 3,12 Tháng,Tem bảo hành,Bảo hành chính hãng,Trung Quốc,4,1 nhận xét,0,1,0,0,0
176,176,https://tiki.vn/chuot-zadez-m116-hang-chinh-hang-p25433101.html?spid=32900587,Chuột Zadez M116 - Hàng Chính Hãng,89.000 ₫,Non,Non,Phuc Thinh TTC,Thương hiệu: Zadez,0,0,0,0,0,Non,Non,0,0,0,0,0
177,177,https://tiki.vn/tang-ban-di-chuot-cao-cap-chuot-choi-game-k059-phu-hop-voi-moi-game-thu-hang-nhap-khau-p35275342.html?spid=35472325,Tặng bàn di chuột cao cấp - Chuột chơi game K059 phù hợp với mọi game thủ - Hàng nhập khẩu,106.000 ₫,Non,Non,Shop 24719,Thương hiệu: OEM,0,0,0,3 Tháng,0,Non,Non,0,0,0,0,0
178,178,https://tiki.vn/chuot-co-day-dau-usb-forder-fd-3900p-mau-ngau-nhien-hang-chinh-hang-p35827395.html?spid=49131473,Chuột Có Dây Đầu USB Forder FD 3900P -Màu ngẫu nhiên -Hàng chính hãng,129.500 ₫,Non,Non,Công Nghệ July,Thương hiệu: Forder,0,0,0,0,0,Non,Non,0,0,0,0,0
179,179,https://tiki.vn/chuot-quang-co-day-hinh-con-rua-hang-nhap-khau-p33326076.html?spid=55697480,Chuột quang có dây hình con rùa - Hàng nhập khẩu,75.579 ₫,Non,Non,Vivu Shopping,Thương hiệu: OEM,0,1 Tháng,Tem bảo hành,Bảo hành bởi nhà bán hàng thông qua Tiki,1 mét,Non,Non,0,0,0,0,0
180,180,https://tiki.vn/chuot-mitsumi-6603-usb-den-hang-chinh-hang-p637045.html?spid=139449438,Chuột Mitsumi 6603 USB (Đen) - Hàng Chính Hãng,149.000 ₫,Non,Non,Nova Computer,Thương hiệu: Mitsumi,0,12 Tháng,Tem bảo hành,Bảo hành chính hãng,Trung Quốc,Non,Non,0,0,0,0,0
181,181,https://tiki.vn/chuot-bosston-m710-led-rgb-hang-chinh-hang-p11620564.html?spid=48490756,Chuột Bosston M710 LED RGB – Hàng Chính Hãng,179.000 ₫,Non,Non,HOÀNG NHÂN COMPUTER,Thương hiệu: Bosston,Đã bán 7,0,0,0,0,3,1 nhận xét,0,0,1,0,0
182,182,https://tiki.vn/chuot-bosston-m710-led-rgb-hang-nhap-khau-p22479055.html?spid=12093531,Chuột Bosston M710 LED RGB - Hàng Nhập Khẩu,179.000 ₫,Non,Non,HOÀNG NHÂN COMPUTER,Thương hiệu: Bosston,Đã bán 11,0,0,0,0,4,1 nhận xét,0,1,0,0,0
183,183,https://tiki.vn/chuot-co-day-earldom-et-km1-cao-cap-hang-nhap-khau-p76379620.html?spid=76379621,Chuột có dây Earldom ET-KM1 cao cấp - Hàng nhập khẩu,161.500 ₫,170.000 ₫,-5%,DANATA STORE,Thương hiệu: Earldom,0,1 Năm,Tem bảo hành,Bảo hành bởi nhà bán hàng thông qua Tiki,Trung Quốc,Non,Non,0,0,0,0,0
184,184,https://tiki.vn/chuot-co-day-p-da-p105188232.html?spid=138830085,Chuột Có Dây P.DA,179.000 ₫,Non,Non,Công Nghệ Việt Anh,Thương hiệu: OEM,0,3 Tháng,Tem bảo hành,Bảo hành bởi nhà bán hàng thông qua Tiki,Trung Quốc,Non,Non,0,0,0,0,0
185,185,https://tiki.vn/chuot-quang-co-day-kaku-357-hang-chinh-hang-p106887810.html?spid=106887819,CHUỘT QUANG CÓ DÂY KAKU-357 - HÀNG CHÍNH HÃNG,69.000 ₫,Non,Non,CỬA HÀNG TB VIỄN THÔNG,Thương hiệu: Kaku,Đã bán 2,0,0,0,Việt Nam,2,1 nhận xét,0,0,0,1,0
186,186,https://tiki.vn/chuot-co-day-newmen-m201-optical-usb-_hang-chinh-hang-p16255897.html?spid=56459002,Chuột có dây Newmen M201 Optical USB _Hàng chính hãng,149.000 ₫,Non,Non,TIN HỌC THÀNH NHÂN,Thương hiệu: Newmen,0,12 Tháng,Điện tử,Bảo hành chính hãng,0,Non,Non,0,0,0,0,0
187,187,https://tiki.vn/chuot-fuhlen-l102-optical-black-usb-hang-chinh-hang-p121006033.html?spid=121006034,Chuột Fuhlen L102 Optical Black USB - Hàng Chính Hãng,120.000 ₫,Non,Non,QKSHOP THẾ GIỚI PHỤ KIỆN,Thương hiệu: Fuhlen,0,12 Tháng,Hóa đơn,Bảo hành bởi nhà bán hàng thông qua Tiki,Việt Nam,Non,Non,0,0,0,0,0
188,188,https://tiki.vn/chuot-khong-day-ot-2-p105188187.html?spid=138828427,Chuột Không Dây OT.2,249.000 ₫,Non,Non,Công Nghệ Việt Anh,Thương hiệu: OEM,0,3 Tháng,Tem bảo hành,Bảo hành bởi nhà bán hàng thông qua Tiki,Trung Quốc,Non,Non,0,0,0,0,0
189,189,https://tiki.vn/sieu-re-chuot-game-co-day-led-doi-mau-cuc-dep-chuyen-gaming-day-sieu-ben-chinh-duoc-dpi-mau-moi-2020-dc4245-p84131211.html?spid=109165318,"{SIÊU RẺ} Chuột Game Có Dây LED đổi màu cực đẹp chuyên gaming, dây siêu bền, chỉnh được dpi mẫu mới 2020 -DC4245",99.000 ₫,Non,Non,Gu Công Nghệ 24h,Thương hiệu: OEM,0,1 Tháng,Tem bảo hành,Bảo hành bởi nhà bán hàng thông qua Tiki,Việt Nam,Non,Non,0,0,0,0,0
190,190,https://tiki.vn/chuot-van-phong-co-day-m100-p29469304.html?spid=50479138,Chuột văn phòng có dây M100,194.000 ₫,Non,Non,HOÀNG NHÂN COMPUTER,Thương hiệu: OEM,0,0,0,0,0,Non,Non,0,0,0,0,0
191,191,https://tiki.vn/chuot-co-day-mitsumi-6703-hang-chinh-hang-p139741990.html?spid=139741991,Chuột có dây Mitsumi 6703 - Hàng chính hãng,200.000 ₫,Non,Non,MÁY TÍNH BẢO AN,Thương hiệu: Mitsumi,0,3 Năm,Tem bảo hành,Bảo hành bởi nhà bán hàng thông qua Tiki,china,Non,Non,0,0,0,0,0
192,192,https://tiki.vn/chuot-gaming-day-van-phong-t-wolf-v13-hang-chinh-hang-p105275189.html?spid=105275193,Chuột Gaming Dây Văn Phòng T-Wolf V13 - Hàng Chính Hãng,90.000 ₫,Non,Non,TWolf Computer,Thương hiệu: T-WOLF,0,0,0,0,Việt Nam,Non,Non,0,0,0,0,0
193,193,https://tiki.vn/chuot-co-day-golden-field-mg108-hang-chinh-hang-p16259539.html?spid=20704152,Chuột có dây Golden Field MG108 - Hàng Chính Hãng,80.000 ₫,Non,Non,,Thương hiệu: Golden Field,0,0,0,0,0,Non,Non,0,0,0,0,0
194,194,https://tiki.vn/chuot-led-thoi-trang-s600-giao-mau-ngau-nhien-1-cai-p135628110.html?spid=135628111,CHUỘT LED THỜI TRANG S600 - giao màu ngẫu nhiên - 1 cái,95.000 ₫,Non,Non,linhkien1984,Thương hiệu: OEM,0,0,0,0,Trung Quốc,Non,Non,0,0,0,0,0
195,195,https://tiki.vn/chuo-t-co-day-bosston-x15-1200dpi-hang-chinh-hang-p2883923.html?spid=56341301,Chuột Có Dây Bosston X15 1200DPI - Hàng Chính Hãng,89.900 ₫,99.000 ₫,-9%,,Thương hiệu: Bosston,Đã bán 6,0,0,0,120 x 60 x 37 mm,5,1 nhận xét,1,0,0,0,0
196,196,https://tiki.vn/chuot-co-day-mouse-twolf-m4-led-7-mau-hang-chinh-hang-p105275637.html?spid=105275638,Chuột Có Dây Mouse TWOLF M4 LED 7 MÀU - Hàng Chính Hãng,139.000 ₫,Non,Non,TWolf Computer,Thương hiệu: T-WOLF,0,0,0,0,Việt Nam,Non,Non,0,0,0,0,0
197,197,https://tiki.vn/chuot-bosston-gm600-hang-nhap-khau-p21383449.html?spid=68402639,Chuột Bosston GM600 - Hàng Nhập Khẩu,75.000 ₫,Non,Non,AIG MediaTech,Thương hiệu: Bosston,0,12 Tháng,Tem bảo hành,Bảo hành chính hãng,0,Non,Non,0,0,0,0,0
198,198,https://tiki.vn/chuot-led-doi-mau-cuc-dep-p111483554.html?spid=111483563,Chuột Led Đổi Màu Cực Đẹp,35.000 ₫,Non,Non,LONG VIỆT Store,Thương hiệu: OEM,0,0,0,0,Việt Nam,Non,Non,0,0,0,0,0
199,199,https://tiki.vn/chuot-co-day-earldom-hang-chinh-hang-p125004600.html?spid=125004601,CHUỘT CÓ DÂY EARLDOM-HÀNG CHÍNH HÃNG,100.000 ₫,Non,Non,Tuyền mobile định hoá thái nguyên,Thương hiệu: Earldom,0,0,0,0,HongKong/Trung Quốc,Non,Non,0,0,0,0,0
200,200,https://tiki.vn/chuot-quang-kieu-dang-handy-vertical-chong-moi-tich-hop-6-nut-chuc-nang-handy-vertical-mouse-actto-msc-185-hang-chinh-hang-p56203202.html?spid=113500560,"Chuột quang kiểu dáng Handy Vertical chóng mỏi, tích hợp 6 nút chức năng - Handy Vertical Mouse Actto MSC-185 - Hàng chính hãng",299.000 ₫,389.000 ₫,-23%,THẾ GIỚI SIM SSIM,Thương hiệu: ACTTO,0,12 Tháng,Phiếu bảo hành,Bảo hành chính hãng,4 MỨC ĐIỀU CHỈNH ĐỘ PHÂN GIẢI 800-1600-2400-3200 DPI,Non,Non,0,0,0,0,0
201,201,https://tiki.vn/chuot-co-day-golden-field-mg108-hang-chinh-hang-p16387882.html?spid=32402567,Chuột có dây Golden Field MG108 - Hàng Chính Hãng,85.000 ₫,Non,Non,Máy Tính Bảo Minh,Thương hiệu: Golden Field,0,12 Tháng,Tem bảo hành,Bảo hành chính hãng,0,Non,Non,0,0,0,0,0
202,202,https://tiki.vn/chuot-newmen-n3000-led-rgb-4200dpi-phim-bam-omron-hang-chinh-hang-p104070211.html?spid=104070217,"Chuột NEWMEN N3000 Led RGB, 4200DPI, Phím bấm Omron - Hàng chính hãng",359.000 ₫,Non,Non,AChauComputer,Thương hiệu: Newmen,0,24 Tháng,Tem bảo hành,Bảo hành chính hãng,Việt Nam,Non,Non,0,0,0,0,0
203,203,https://tiki.vn/chuot-quang-co-day-eipln-cong-usb-hang-nhap-khau-p44528697.html?spid=44528698,Chuột quang có dây EIPLN cổng USB - hàng nhập khẩu,85.000 ₫,Non,Non,Cửa Hàng Nam Phương Bạc Liêu,Thương hiệu: EIPLN,0,3 Tháng,Tem bảo hành,Bảo hành bởi nhà bán hàng thông qua Tiki,12000 dpi,Non,Non,0,0,0,0,0
204,204,https://tiki.vn/bo-chuot-quang-co-day-cho-game-thu-tang-mieng-lot-chuot-p98735853.html?spid=98735856,Bộ chuột quang có dây cho game thủ tặng miếng lót chuột,117.000 ₫,Non,Non,EuroDecor,Thương hiệu: OEM,0,0,0,0,Việt Nam,Non,Non,0,0,0,0,0
205,205,https://tiki.vn/chuot-newmen-m180-gia-cuc-tot-hieu-nang-kha-thiet-ke-than-thien-p125840138.html?spid=125840140,"Chuột NEWMEN M180 - Giá cực tốt, hiệu năng khá, thiết kế thân thiện -Hàng Chính Hãng",109.000 ₫,Non,Non,Bảo Sơn Computer,Thương hiệu: Newmen,0,0,0,0,Việt Nam,Non,Non,0,0,0,0,0
206,206,https://tiki.vn/chuot-newmen-gx5-plus-co-day-bm-01627-hang-chinh-hang-p123151943.html?spid=123151945,Chuột NEWMEN GX5 Plus có dây ( BM-01627) - Hàng chính hãng,550.000 ₫,Non,Non,Công Nghệ Bình Minh,Thương hiệu: Newmen,0,0,0,0,Việt Nam,Non,Non,0,0,0,0,0
207,207,https://tiki.vn/chuot-led-co-day-bosston-r30a-hang-nhap-khau-p21108486.html?spid=66568413,Chuột LED Có Dây Bosston R30A - Hàng Nhập Khẩu,250.000 ₫,Non,Non,Allmall,Thương hiệu: Bosston,0,0,0,0,0,Non,Non,0,0,0,0,0
208,208,https://tiki.vn/chuot-quang-usb-co-day-motospeed-f12-hanh-chinh-hang-p93206338.html?spid=137956248,Chuột Quang USB Có Dây Motospeed F12 - Hành Chính Hãng,120.000 ₫,Non,Non,Lê Toàn Computer,Thương hiệu: Motospeed,0,12 Tháng,Tem bảo hành,Bảo hành bởi nhà bán hàng thông qua Tiki,Việt Nam,Non,Non,0,0,0,0,0
209,209,https://tiki.vn/chuot-co-day-fuhlen-l102-tem-ninza-chinh-hang-bao-hanh-24-thang-p133138331.html?spid=133138337,Chuột có dây Fuhlen L102 - Hàng chính hãng,170.000 ₫,Non,Non,Edragaming,Thương hiệu: Fuhlen,0,0,0,0,Việt Nam,Non,Non,0,0,0,0,0
210,210,https://tiki.vn/chuot-co-day-newmen-m007-den-chuot-van-phong-chong-roi-vo-hang-chinh-hang-p127643794.html?spid=127643795,"Chuột Có Dây Newmen M007 (Đen) - Chuột Văn Phòng, Chống Rơi Vỡ - HÀNG CHÍNH HÃNG",120.000 ₫,Non,Non,Bảo Sơn Computer,Thương hiệu: Newmen,0,6 Tháng,Hóa đơn,Bảo hành chính hãng,"Trọng lượng nhẹ 90g
Tuy có trọng lượng nhẹ, nhưn nó vẫn duy trì sức mạnh trong cấu trúc, giúp thao tác chuột nhanh và mượt hơn, đồng thời mang lại sự linh hoạt và độ bám , lòng bàn tay và chuột như kết hợp làm một, kiểm soát tốt hơn
Cái gọi là gọn nhẹ không phải là giảm vật liệu sản phẩm và giảm giá thành, mà là tối ưu hóa và tăng cường cấu trúc sản phẩm, do đó giảm trọng lượng của chuột và đạt được sự nhẹ nhàng khi sử dụng. Trọng lượng của Leopard 007 mới nổi là 90g, đây là một trọng lượng tương đối vừa phải, sẽ không có cảm giác khó chịu do chuột có trọng lượng truyền thống khi sử dụng.
Nhiều người sử dụng chuột truyền thống cảm thấy nặng nề vì trọng lượng, tuy nhiên sử dụng lâu dài sẽ gây ra các vấn đề như mỏi tay hay cổ tay. Hơn nữa, một số thao tác kéo, di chuột khi sử dụng chuột nặng sẽ khiến và ảnh hưởng đến hiệu quả sử dụng các tác vụ văn phòng.
Thiết kế công năng gọn nhẹ ôm khít lòng bàn tay, giúp xử lý chuột được khéo léo hơn và không gây nhức mỏi khi sử dụng trong thời gian dài.",Non,Non,0,0,0,0,0
211,211,https://tiki.vn/chuot-gaming-co-day-gaming-t-wolf-v6-hang-chinh-hang-p105275331.html?spid=105275335,Chuột Gaming Có Dây Gaming T-Wolf V6 - Hàng Chính Hãng,180.000 ₫,Non,Non,TWolf Computer,Thương hiệu: T-WOLF,0,0,0,0,Việt Nam,Non,Non,0,0,0,0,0
212,212,https://tiki.vn/lot-chuot-hello-kitty-kitty-house-p96355029.html?spid=96355040,LÓT CHUỘT HELLO KITTY KITTY HOUSE,40.000 ₫,Non,Non,KITTY HOUSE,Thương hiệu: OEM,0,0,0,0,Việt Nam,Non,Non,0,0,0,0,0
213,213,https://tiki.vn/chuot-gaming-newmen-gx1-led-rgb-4000dpi-max-omron-hang-chinh-hang-p104070212.html?spid=104070214,"Chuột GAMING NEWMEN GX1 led RGB, 4000DPI Max, Omron) - Hàng chính hãng",399.000 ₫,Non,Non,AChauComputer,Thương hiệu: Newmen,0,24 Tháng,Tem bảo hành,Bảo hành chính hãng,Việt Nam,Non,Non,0,0,0,0,0
214,214,https://tiki.vn/chuot-gaming-newmen-gx1-led-rgb-4000dpi-max-omron-p104069623.html?spid=104069628,"Chuột GAMING NEWMEN GX1 led RGB, 4000DPI Max, Omron)",425.000 ₫,Non,Non,AChauComputer,Thương hiệu: Newmen,0,24 Tháng,Tem bảo hành,Bảo hành chính hãng,Việt Nam,Non,Non,0,0,0,0,0
215,215,https://tiki.vn/chuot-game-k2-den-led-7-mau-tu-thay-doi-p84107588.html?spid=84107592,Chuột Game K2 Đèn led 7 màu tự thay đổi.,75.400 ₫,Non,Non,VI TÍNH NAM TRUNG HẢI,Thương hiệu: OEM,0,0,0,0,Việt Nam,Non,Non,0,0,0,0,0
216,216,https://tiki.vn/chuot-van-phong-gau-truc-p109179443.html?spid=109179464,Chuột Văn Phòng Gấu Trúc,150.000 ₫,Non,Non,Quân Fashion Store,Thương hiệu: OEM,0,6 Tháng,Tem bảo hành,Bảo hành bởi nhà bán hàng thông qua Tiki,Trung Quốc,Non,Non,0,0,0,0,0
217,217,https://tiki.vn/chuot-newmen-m201-nho-gon-va-thanh-lich-hang-chinh-hang-p111749664.html?spid=111749666,Chuột Newmen M201 Nhỏ gọn và thanh lịch - Hàng Chính Hãng,189.000 ₫,Non,Non,Hạt Gạo Store,Thương hiệu: Newmen,0,24 Tháng,Điện tử,Bảo hành chính hãng,1200DPI,Non,Non,0,0,0,0,0
218,218,https://tiki.vn/chuot-newmen-n3000-led-rgb-4200dpi-phim-bam-omron-hang-chinh-hang-p104070033.html?spid=104070040,"Chuột NEWMEN N3000 Led RGB, 4200DPI, Phím bấm Omron - Hàng chính hãng",365.000 ₫,Non,Non,AChauComputer,Thương hiệu: Newmen,0,0,0,0,Việt Nam,Non,Non,0,0,0,0,0
219,219,https://tiki.vn/chuot-co-day-fuhlen-l102-hang-chinh-hang-bao-hanh-24-thang-p143667062.html?spid=143667067,Chuột có dây Fuhlen L102 hàng chính hãng bảo hành 24 tháng,140.000 ₫,Non,Non,Non,Thương hiệu: Fuhlen,0,0,0,0,0,Non,Non,0,0,0,0,0
220,220,https://tiki.vn/chuot-newmen-g10-yellow-black-mouse-vang-den-_-hang-chinh-hang-p139987821.html?spid=139987822,"CHUỘT Newmen G10+ Yellow Black Mouse ( VÀNG ,ĐEN )_ HÀNG CHÍNH HÃNG",155.000 ₫,Non,Non,Tân Doanh,Thương hiệu: Newmen,0,24 Tháng,Tem bảo hành,Bảo hành bởi nhà bán hàng thông qua Tiki,Trung Quốc,Non,Non,0,0,0,0,0
221,221,https://tiki.vn/chuot-co-day-dareu-lm130-hang-nhap-khau-p26170127.html?spid=52130563,Chuột Có Dây Dareu LM130 - Hàng Nhập Khẩu,130.000 ₫,Non,Non,Phân Phối Phụ Kiện,Thương hiệu: DareU,0,0,0,0,1000 DPI,Non,Non,0,0,0,0,0
222,222,https://tiki.vn/chuot-led-m336-p84107313.html?spid=84107315,Chuột led M336,124.800 ₫,Non,Non,VI TÍNH NAM TRUNG HẢI,Thương hiệu: OEM,0,0,0,0,Việt Nam,Non,Non,0,0,0,0,0
223,223,https://tiki.vn/chuot-v2-led-7-mau-game-do-phan-giai-len-den-4000-dpi-p96100575.html?spid=96100633,Chuột V2 Led 7 Màu Game độ phân giải lên đến 4000 dpi,175.500 ₫,Non,Non,HOÀNG NHÂN COMPUTER,Thương hiệu: OEM,0,0,0,0,Việt Nam,Non,Non,0,0,0,0,0
224,224,https://tiki.vn/chuot-gaming-co-day-van-phong-t-wolf-v12-hang-chinh-hang-p105275629.html?spid=105275632,Chuột Gaming Có Dây Văn Phòng T-Wolf V12 - Hàng Chính Hãng,79.000 ₫,Non,Non,TWolf Computer,Thương hiệu: Teamwolf,0,0,0,0,Việt Nam,Non,Non,0,0,0,0,0
225,225,https://tiki.vn/chuot-simetech-led-x1s-p139013560.html?spid=139013561,CHUỘT SIMETECH LED X1S-Hàng Chính Hãng,95.000 ₫,Non,Non,Thiên Lãng PC,Thương hiệu: Simetech,0,0,0,0,Việt Nam,Non,Non,0,0,0,0,0
226,226,https://tiki.vn/chuot-co-day-mixie-m02-hang-chinh-hang-p58267814.html?spid=58267815,CHUỘT CÓ DÂY MIXIE M02 - HÀNG CHÍNH HÃNG,125.000 ₫,Non,Non,TECH 1988,Thương hiệu: MIXIE,0,12 Tháng,Tem bảo hành,Bảo hành chính hãng,NHỰA,Non,Non,0,0,0,0,0
227,227,https://tiki.vn/chuot-vi-tinh-hp-1000-wired-mouse-a-p_4qm14aa-hang-chinh-hang-p44238014.html?spid=44238015,Chuột có dây HP 1000 Wired Mouse A/P_4QM14AA - Hàng Chính Hãng,119.000 ₫,Non,Non,HP Official Store,Thương hiệu: HP,Đã bán 365,0,0,12 Tháng,Trung Quốc,4.7,74 nhận xét,56,14,2,1,1
228,228,https://tiki.vn/chuot-quang-co-day-genius-dx-150x-hang-chinh-hang-p141368141.html?spid=141368154,Chuột quang có dây Genius DX-150X - Hàng chính hãng,120.000 ₫,Non,Non,SingPC Official Store,Thương hiệu: Genius,0,12 Tháng,Tem bảo hành,Bảo hành chính hãng,67 x 102 x 39 mm,Non,Non,0,0,0,0,0
229,229,https://tiki.vn/chuot-gaming-day-t-wolf-g510-hang-chinh-hang-p105275239.html?spid=105275244,Chuột Gaming Dây T-Wolf G510 - Hàng Chính Hãng,150.000 ₫,Non,Non,TWolf Computer,Thương hiệu: T-WOLF,0,0,0,0,Việt Nam,Non,Non,0,0,0,0,0
230,230,https://tiki.vn/chuot-fc122-p139013636.html?spid=139013637,Chuột FC122 dành cho văn phòng,120.000 ₫,Non,Non,Thiên Lãng PC,Thương hiệu: OEM,0,0,0,0,Việt Nam,Non,Non,0,0,0,0,0
231,231,https://tiki.vn/chuot-simetech-x2-van-phong-moi-p139013481.html?spid=139013484,CHUỘT SIMETECH X2 VĂN PHÒNG MỚI-Hàng Chính Hãng,85.000 ₫,Non,Non,Thiên Lãng PC,Thương hiệu: Simetech,0,0,0,0,Việt Nam,Non,Non,0,0,0,0,0
232,232,https://tiki.vn/chuot-co-day-konig-km68-hang-chinh-hang-p16867584.html?spid=142784491,Chuột có dây Konig KM68 - Hàng Chính Hãng,75.000 ₫,Non,Non,PADO68,Thương hiệu: Konig,0,12 Tháng,Tem bảo hành,Bảo hành bởi nhà bán hàng thông qua Tiki,1000Dpi,Non,Non,0,0,0,0,0
233,233,https://tiki.vn/chuot-quang-co-day-genius-dx-110-hang-chinh-hang-p143968503.html?spid=143968508,Chuột quang có dây Genius DX-110 - Hàng chính hãng,90.000 ₫,Non,Non,SingPC Official Store,Thương hiệu: Genius,0,11 Tháng,Tem bảo hành,Bảo hành chính hãng,"Kích thước (W x H x D) mm: 60 x 105 x 37 mm (2,36 x 4,13 x 1,46 inch)",Non,Non,0,0,0,0,0
234,234,https://tiki.vn/chuot-quang-co-day-cao-cap-p66610875.html?spid=66610876,Chuột quang có dây cao cấp,165.000 ₫,Non,Non,Gian Hàng Việt,Thương hiệu: OEM,Đã bán 1,0,0,0,Trung Quốc,3,1 nhận xét,0,0,1,0,0
235,235,https://tiki.vn/chuot-pc-co-day-van-phong-forev-fv132-hang-chinh-hang-p105275620.html?spid=105275625,Chuột PC Có Dây Văn Phòng FOREV FV132 - Hàng Chính Hãng,90.000 ₫,Non,Non,TWolf Computer,Thương hiệu: FOREV,0,0,0,0,Việt Nam,Non,Non,0,0,0,0,0
236,236,https://tiki.vn/chuot-co-day-ajazz-x1180-hang-chinh-hang-p135273157.html?spid=135273158,Chuột có dây Ajazz X1180 - Hàng chính hãng,129.000 ₫,200.000 ₫,-36%,Phụ Kiện Thông Minh Global,Thương hiệu: Ajazz,0,24 Tháng,Tem bảo hành,Bảo hành chính hãng,china,Non,Non,0,0,0,0,0
237,237,https://tiki.vn/chuot-co-day-t-wolf-g530-danh-cho-game-thu-hang-chinh-hang-p105275639.html?spid=105275640,Chuột Có Dây T-WOLF G530 Dành Cho Game Thủ - Hàng Chính Hãng,189.000 ₫,Non,Non,TWolf Computer,Thương hiệu: T-WOLF,0,0,0,0,Việt Nam,Non,Non,0,0,0,0,0
238,238,https://tiki.vn/chuot-quang-co-day-x-tech-tm-m3167cong-usb-hang-chinh-hang-p26424828.html?spid=26424829,CHUỘT QUANG CÓ DÂY X-TECH TM-M3167cổng USB - Hàng chính hãng,83.000 ₫,Non,Non,MÁY TÍNH HƯNG THỊNH,Thương hiệu: Extech,0,0,0,0,0,Non,Non,0,0,0,0,0
239,239,https://tiki.vn/chuot-mitsumi-s6703-hang-chinh-hang-p106065650.html?spid=106065651,Chuột Mitsumi S6703 hàng chính hãng,110.000 ₫,Non,Non,CỬA HÀNG MÁY TÍNH NGUYỄN NHUNG,Thương hiệu: Mitsumi,Đã bán 2,6 Tháng,Điện tử,Bảo hành chính hãng,Trung Quốc,4,1 nhận xét,0,1,0,0,0
240,240,https://tiki.vn/chuot-van-phong-co-day-hinh-chu-gau-dang-yeu-p107935617.html?spid=107935621,Chuột Văn Phòng Có Dây Hình Chú Gấu Đáng Yêu,151.050 ₫,159.000 ₫,-5%,,Thương hiệu: OEM,0,3 Tháng,Tem bảo hành,Bảo hành bởi nhà bán hàng thông qua Tiki,Trung Quốc,Non,Non,0,0,0,0,0
241,241,https://tiki.vn/chuot-quang-co-day-genius-dx-180-hang-chinh-hang-p144059801.html?spid=144059802,Chuột quang có dây Genius DX-180 - Hàng chính hãng,172.000 ₫,Non,Non,SingPC Official Store,Thương hiệu: Genius,0,12 Tháng,Tem bảo hành,Bảo hành chính hãng,"Kích thước (W x H x D) mm: 65,2 x 107 x 37 mm (2,57 x 4,24 x 1,46 inch)",Non,Non,0,0,0,0,0
242,242,https://tiki.vn/chuot-gaming-day-van-phong-t-wolf-v3-hang-chinh-hang-p105275247.html?spid=105275251,Chuột Gaming Dây Văn Phòng T-Wolf V3 - Hàng Chính Hãng,105.000 ₫,Non,Non,TWolf Computer,Thương hiệu: T-WOLF,0,0,0,0,Việt Nam,Non,Non,0,0,0,0,0
243,243,https://tiki.vn/gia-do-laptop-hop-kim-nhom-cao-cap-co-the-gap-gon-giup-tan-nhiet-laptop-macbook-may-tinh-xach-tay-07-vi-tri-dieu-chinh-goc-do-hang-chinh-hang-tamayoko-fs060-p72796676.html?spid=72796677,"Giá Đỡ Laptop Hợp Kim Nhôm Cao Cấp Có Thể Gấp Gọn, Giúp Tản Nhiệt Laptop, Macbook, Máy Tính Xách Tay. 07 Vị Trí Điều Chỉnh Góc Độ. Hàng Chính Hãng Tamayoko FS060","204.000 ₫
250.000 ₫-18%",Non,Non,Future Store,Thương hiệu: Tamayoko,Đã bán 1000+,12 Tháng,Hóa đơn,Bảo hành bởi nhà bán hàng thông qua Tiki,Trung Quốc,4.8,814 nhận xét,676,122,10,2,4
244,244,https://tiki.vn/gia-do-laptop-nhom-co-the-gap-gon-danh-cho-macbook-ipad-surface-va-may-tinh-xach-tay-p52945747.html?spid=104270009,Giá đỡ laptop nhôm có thể gấp gọn dành cho Macbook Ipad Surface và máy tính xách tay,"129.000 ₫
199.000 ₫-35%",Non,Non,HOÀNG NHÂN COMPUTER,Thương hiệu: OEM,Đã bán 575,0,0,0,Trung Quốc,4.6,149 nhận xét,106,32,7,1,3
245,245,https://tiki.vn/may-tinh-khoa-hoc-casio-fx-580vn-x-p3014291.html?spid=3014293,Máy Tính Khoa Học Casio FX-580VN X,650.000 ₫,Non,Non,Tiki Trading,Thương hiệu: Casio,Đã bán 1000+,7 Năm,Điện tử,Bảo hành chính hãng,Nhật Bản,4.8,4945 nhận xét,4338,431,63,37,76
246,246,https://tiki.vn/gia-do-laptop-hop-kim-nhom-cao-cap-co-the-gap-gon-de-tan-nhiet-laptop-macbook-may-tinh-xach-tay-07-vi-tri-dieu-chinh-goc-do-hang-chinh-hang-vinbuy-p75082841.html?spid=75082842,"Giá Đỡ Laptop Hợp Kim Nhôm Cao Cấp Có Thể Gấp Gọn - Đế Tản Nhiệt Laptop - Macbook, Máy Tính Xách Tay - 07 Vị Trí Điều Chỉnh Góc Độ - Hàng Chính Hãng - VinBuy",169.000 ₫,235.000 ₫,-28%,,Thương hiệu: VinBuy,Đã bán 338,0,0,0,Việt Nam / Trung Quốc,4.5,127 nhận xét,90,21,9,3,4
247,247,https://tiki.vn/gia-do-may-tinh-laptop-ipad-macbook-hop-kim-nhom-cao-cap-ho-tro-tan-nhiet-chong-moi-co-vai-gay-hang-chinh-hang-tamayoko-p72880512.html?spid=72880513,"Giá Đỡ Máy Tính, Laptop, iPad, Macbook Hợp Kim Nhôm Cao Cấp. Hỗ Trợ Tản Nhiệt Chống Mỏi Cổ, Vai, Gáy. Hàng Chính Hãng Tamayoko","444.000 ₫
500.000 ₫-11%",Non,Non,Future Store,Thương hiệu: Tamayoko,Đã bán 1000+,0,0,0,0,4.9,398 nhận xét,354,36,4,4,0
248,248,https://tiki.vn/may-tinh-casio-fx580vn-x-p104769768.html?spid=107005518,Máy Tính CASIO FX580VN X,578.900 ₫,657.000 ₫,-12%,Nhà sách Fahasa,Thương hiệu: Casio,Đã bán 727,0,0,0,Nhật Bản,4.9,154 nhận xét,143,7,2,0,2
249,249,https://tiki.vn/day-cap-du-loi-hdmi-2-1-8k-48gbps-4k-120hz-dai-2m-choetech-xhh01-dung-cho-tivi-may-tinh-playstaysion-hang-chinh-hang-p88798139.html?spid=88798140,"Dây Cáp Dù Lõi HDMI 2.1 8K 48Gbps, 4K 165Hz Dài 2M CHOETECH XHH01 Dùng Cho Tivi/ Máy Tính/ Playstaysion - Hàng Chính Hãng",211.000 ₫,390.000 ₫,-46%,,Thương hiệu: CHOETECH,Đã bán 466,18 Tháng,Điện tử,Bảo hành bởi nhà bán hàng thông qua Tiki,HDMI,4.8,124 nhận xét,107,16,0,0,1
250,250,https://tiki.vn/gia-do-de-ban-danh-cho-may-tinh-bang-ipad-t003-chat-lieu-hop-kim-nhom-cao-cap-hang-chinh-hang-tamayoko-p112734786.html?spid=112734788,"Giá Đỡ Để Bàn Dành Cho Máy Tính Bảng, Ipad T003 - Chất Liệu Hợp Kim Nhôm Cao Cấp Hàng Chính Hãng Tamayoko",331.550 ₫,349.000 ₫,-5%,Tamayoko Official,Thương hiệu: Tamayoko,Đã bán 318,12 Tháng,Hóa đơn,Bảo hành bởi nhà bán hàng thông qua Tiki,Trung Quốc,4.8,110 nhận xét,94,14,1,0,1
251,251,https://tiki.vn/man-hinh-may-tinh-dell-ultrasharp-u2422h-23-8-inch-fhd-usb-typec-hang-chinh-hang-p106375760.html?spid=110739477,Màn hình máy tính Dell Ultrasharp U2422H 23.8 inch FHD USB TypeC - Hàng Chính Hãng,6.700.000 ₫,Non,Non,Tiki Trading,Thương hiệu: Dell,Đã bán 383,36 Tháng,Hóa đơn,Bảo hành chính hãng,"1 x DP 1.4, 1 x DP (out) with MST, 1 x HDMI 1.4, 3 X USB 3.2, 2 xUSB TypeC, 1 X cổng ra âm thanh",4.6,131 nhận xét,103,13,6,3,6
252,252,https://tiki.vn/de-tan-nhiet-laptop-may-tinh-xach-tay-h9-co-den-led-6-quat-giup-lam-mat-nhanh-bao-ve-may-tinh-ma-khong-gay-on-p78940158.html?spid=78940159,"Đế tản nhiệt laptop, máy tính xách tay H9 có đèn LED 6 quạt giúp làm mát nhanh bảo vệ máy tính mà không gây ồn","274.000 ₫
399.000 ₫-31%",Non,Non,Best buy,Thương hiệu: OEM,Đã bán 602,12 Tháng,Hóa đơn,Bảo hành bởi nhà bán hàng thông qua Tiki,"Đế tản nhiệt laptop, máy tính xách tay H9 có đèn LED 6 quạt giúp làm mát nhanh bảo vệ máy tính mà không gây ồn
Máy tính hoạt động nhiều giờ liên tục khiến cho chúng bị nóng và nhanh hết pin, cùng với đó là tình trạng xuống cấp của máy tính ngày càng trầm trọng.
Việc laptop bị quá nhiệt ngoài việc khiến cho khả năng xử lý của máy kém đi, còn dẫn tới sự hao mòn nhanh chóng đối với tuổi thọ của các linh kiện điện tử được gắn trong máy.
Thế nên việc sử dụng các loại đế tản nhiệt là một phương pháp kinh tế nhưng cũng không kém phần hiệu quả trong việc hạn chế hiện tượng quá nhiệt của máy tính xách tay.
Và chiếc quạt tản nhiệt máy tính H9 với 6 quạt làm mát giúp nhanh chóng lấy đi sức nóng của máy tính giúp cho máy tính của bạn luôn trong trạng thái mát mẻ là sự lựa chọn hoàn hảo của bạn.
Tích hợp 6 quạt tản nhiệt nâng cao hiệu suất làm mát lên 6 lần
Với 6 quạt tản nhiệt tốc độ quay lên tới 2400 vòng/phút giúp giải tỏa cơn nóng nhanh chóng và hiệu quả. Đưa luồng không khí mát hướng từ trên xuống máy và tỏa không khi nóng ra 2 bên hông và phía sau. Tạo không gian làm việc, chơi game, học tập luôn thoải mái nhất khi bị ảnh hưởng trực tiếp từ luồng không khí nóng của máy.
Giữ cho chiếc laptop của bạn luôn được mát, làm việc tốt hơn, độ bền cao hơn. Quạt mạnh nhưng rất êm, hạn chế tiếng ồn ảnh hưởng đến sự tập trung của bạn và mọi người xung quanh.
Thiết kế cứng cáp, chân nghiêng thuận lợi góc nhìn.
Đế tản nhiệt laptop với thiết kế chân nghiêng chịu lực, giúp bạn điều chỉnh độ nghiêng của máy sao cho phù hợp nhất với góc nhìn của mình, bảo vệ mắt tốt. Vật liệu cứng và chắc chắn, đặc biệt là mặt lưới kim loại có khả năng chịu lực cao, lỗ thông khí lớn tỏa nhiệt tốt hơn.
Phía trước đế tản nhiệt còn có gờ ngăn không trượt máy khi nghiêng đế. Đối với chiếc đế tản nhiệt này khi bạn đi làm hoặc đi học có thể gấp gọn nó lại cho vào balo mà không bị vướng víu.
Kết nối tiện lợi
+ Phía sau của đế tản nhiệt là 2 cổng USB, 1 cổng giúp kết nối đế tản nhiệt với laptop, cổng còn lại kết nối các thiết bị ngoại vi khác với laptop như bàn phím, chuộ một cách gián tiếp thông qua chiếc đế tản nhiệt này. Có núm điều chỉnh tắt bật và tốc độ gió rất tiện lợi. Đèn led màu xanh dương giúp bạn nhận biết chiếc đế tản nhiệt này vẫn còn hoạt động.
Tương thích với laptop 14 inch - 15,6 inch
Đế tản nhiệt laptop H9 có kích thước lớn nên có thể tương thích được các dòng máy có kích thước màn hình từ 14inchs đến 15.6 inchs thoải mái (tuy nhiên với sản phẩm có kích thước lớn hơn bạn vẫn có thể sử dụng bình thường mà không ảnh hưởng tới hiệu quả làm mát). Đặc biệt là các dòng máy tính chơi game có kích thước lớn và nặng, chơi lâu, làm việc lâu dẫn đến nóng máy, cần tản nhiệt đều và nhanh thì H9 là sự lựa chọn tối ưu nhất.
Thông số kĩ thuật đế tản nhiệt laptop, máy tính H9:
– Tên sản phẩm: Tản Nhiệt Máy Tính H9
– Bộ sản phẩm gồm: 1 đế tản nhiệt và 1 cáp USB kết nối
– Chất liệu: nhựa cứng + kim loại
– Màu sắc: Đen
– Kích thước: 370 * 255 * 27mm
– Trọng lượng: 750g",Non,Non,0,0,0,0,0
