,Name,Product_price,Discount,Sale_price,Shop,Brand,Warranty,Warranty_way,Warranty_place,Sold,Rate,Comment,5,4,3,2,1,m_link
0,Chuột máy vi tính Bosston D608 led - Hàng Chính Hãng,60.0,0.05,57.1,,Bossto,0.0,0,0,364.0,4.7,93.0,78,8,5,0,2,https://tiki.vn/chuot-may-vi-tinh-bosston-d608-led-hang-chinh-hang-p9355345.html?spid=56764717
1,"Chuột máy tính có dây EDRA EM602 Độ Phân Giải 1200 DPI, chơi game, cho Laptop hàng chính hãng",148.0,0,148.0,Extreme Zero Online,E-DRA,24.0,Tem bảo hành,Bảo hành chính hãng,85.0,4.9,24.0,22,2,0,0,0,https://tiki.vn/chuot-may-tinh-co-day-edra-em602-do-phan-giai-1200-dpi-choi-game-cho-laptop-hang-chinh-hang-p74463237.html?spid=90107321
2,"Chuột máy tính có dây G5 ES, chuột gaming DPI 4 cấp độ, hiệu ứng đèn nền 7 màu- Hàng nhập khẩu",129.0,0,129.0,HOÀNG NHÂN COMPUTER,Zealot,3.0,Tem bảo hành,Bảo hành bởi nhà bán hàng thông qua Tiki,185.0,4.7,64.0,53,7,0,1,3,https://tiki.vn/chuot-may-tinh-co-day-g5-es-chuot-gaming-dpi-4-cap-do-hieu-ung-den-nen-7-mau-hang-nhap-khau-p75614175.html?spid=91088172
3,Chuột máy tính Newmen G10 - Hàng Chính Hãng,145.0,0,145.0,Vi Tính Lê Huy,Newme,0.0,0,0,1000.0,4.7,135.0,106,20,6,0,3,https://tiki.vn/chuot-may-tinh-newmen-g10-hang-chinh-hang-p7975728.html?spid=7975732
4,Chuột máy tính văn phòng Tặng lót chuột cao cấp,158.0,0,158.0,VLC6 Store,OEM,0.0,0,0,55.0,5.0,9.0,9,0,0,0,0,https://tiki.vn/chuot-may-tinh-van-phong-tang-lot-chuot-cao-cap-p86900816.html?spid=120777689
5,"Chuột văn phòng có dây, chuột Game HXSJ A885 DPI 5500, RGB đổi 7 màu liên tục, chuyên dùng cho laptop, máy tính, pc - Hàng chính hãng",299.0,0.36,192.0,HXSJ Official Store,HXSJ,6.0,Hóa đơn,Bảo hành bởi nhà bán hàng thông qua Tiki,39.0,5.0,13.0,13,0,0,0,0,https://tiki.vn/chuot-van-phong-co-day-chuot-game-hxsj-a885-dpi-5500-rgb-doi-7-mau-lien-tuc-hang-chinh-hang-p121169235.html?spid=121169237
6,Chuột máy tính cao cấp,81.44,0,81.44,vinet shop,OEM,1.0,Tem bảo hành,Bảo hành bởi nhà bán hàng thông qua Tiki,204.0,4.5,79.0,51,18,8,1,1,https://tiki.vn/chuot-may-tinh-cao-cap-p56288980.html?spid=58946387
7,"Chuột máy tính có dây PROLiNK PMC1006 BDLU (đen xanh), cảm biến quang học 1000DPI - Hàng chính hãng",120.0,0.26,89.0,,Prolink,12.0,Tem bảo hành,Bảo hành chính hãng,15.0,5.0,4.0,4,0,0,0,0,https://tiki.vn/chuot-may-tinh-co-day-prolink-pmc1006-bdlu-den-xanh-cam-bien-quang-hoc-1000dpi-hang-chinh-hang-p112529886.html?spid=112529887
8,Chuột máy vi tính Bosston D608 LED - Đen-Hàng Chính Hãng,57.4,0,57.4,VI TÍNH NAM TRUNG HẢI,Bossto,0.0,0,0,111.0,4.7,29.0,22,5,1,1,0,https://tiki.vn/chuot-may-vi-tinh-bosston-d608-led-den-hang-chinh-hang-p11191145.html?spid=48957656
9,Chuột led Ghost Wolf G830 cho máy tính - hàng nhập khẩu,125.0,0,125.0,Tech7,Ghost Wolf,3.0,Phiếu bảo hành,Bảo hành bởi nhà bán hàng thông qua Tiki,35.0,4.4,11.0,7,3,0,0,1,https://tiki.vn/chuot-led-ghost-wolf-g830-cho-may-tinh-hang-nhap-khau-p95528617.html?spid=95528618
10,Chuột máy tính có dây văn phòng Langtu LM-106 - Hàng Chính Hãng,69.0,0,69.0,Nguyễn Ninh Media,Langt,12.0,0,0,18.0,4.0,1.0,0,1,0,0,0,https://tiki.vn/chuot-may-tinh-co-day-van-phong-langtu-lm-106-hang-chinh-hang-p12255324.html?spid=12255325
11,Chuột dây Genius DX-110 chuột máy tính có dây chính hãng Genius BH 12T,149.0,0,149.0,Siêu Thị NaNo,Genius,0.0,0,0,21.0,4.3,6.0,5,0,0,0,1,https://tiki.vn/chuot-day-genius-dx-110-chuot-may-tinh-co-day-chinh-hang-genius-bh-12t-p107411431.html?spid=107411432
12,Chuột máy tính có dây hiệu Newmen M180 - Hàng chính hãng,99.0,0,99.0,CỬA HÀNG TB VIỄN THÔNG,Newme,0.0,Điện tử,Bảo hành bởi nhà bán hàng thông qua Tiki,0.0,0.0,0,0,0,0,0,0,https://tiki.vn/chuot-may-tinh-co-day-hieu-newmen-m180-hang-chinh-hang-p106887701.html?spid=106887703
13,Chuột Máy Tính Có Dây B100 (Đen) Kèm Lót Chuột,158.0,0,158.0,VLC6 Store,OEM,0.0,0,0,17.0,4.8,5.0,4,1,0,0,0,https://tiki.vn/chuot-may-tinh-co-day-b100-den-kem-lot-chuot-p54513941.html?spid=110696183
14,CHUỘT MÁY TÍNH LED 1602 - Hàng nhập khẩu,43.5,0,43.5,VI TÍNH NAM TRUNG HẢI,R8,0.0,0,0,69.0,4.4,19.0,13,4,0,1,1,https://tiki.vn/chuot-may-tinh-led-1602-hang-nhap-khau-p84107995.html?spid=84107997
15,Chuột Máy Tính Có Dây Hình Chú Rùa Nhiều Màu,38.0,0,38.0,MuaOnlineShop,OEM,0.0,0,0,5.0,5.0,2.0,2,0,0,0,0,https://tiki.vn/chuot-may-tinh-co-day-hinh-chu-rua-nhieu-mau-p124276352.html?spid=124276355
16,Chuột máy tính TM-M3168 USB - Hàng Nhập Khẩu,100.0,0,100.0,Non,Xtec,0.0,0,0,0.0,3.0,2.0,1,0,0,0,1,https://tiki.vn/chuot-may-tinh-tm-m3168-usb-hang-nhap-khau-p130405195.html?spid=130405196
17,Chuột Máy Tính Có Dây Rapoo N100 - Hàng Chính Hãng,77.0,0,77.0,Haincs,Rapoo,0.0,0,0,9.0,4.3,3.0,2,0,1,0,0,https://tiki.vn/chuot-may-tinh-co-day-rapoo-n100-hang-chinh-hang-p26221883.html?spid=72043013
18,"CHUỘT MÁY TÍNH CÓ DÂY VĂN PHÒNG HỘP GIẤY SN,DL...",71.5,0,71.5,HOÀNG NHÂN COMPUTER,OEM,0.0,0,0,13.0,5.0,2.0,2,0,0,0,0,https://tiki.vn/chuot-may-tinh-co-day-van-phong-hop-giay-sn-dl-p96087730.html?spid=96087860
19,Chuột Máy Tính M20 Có Dây,45.0,0,45.0,MuaOnlineShop,OEM,0.0,0,0,0.0,0.0,0,0,0,0,0,0,https://tiki.vn/chuot-may-tinh-m20-co-day-p124276524.html?spid=124276525
20,Chuột Máy Tính Chuyên Game DRLM066 tặng miếng lót chuột,159.0,0,159.0,Banbuonsile,OEM,0.0,0,0,21.0,3.0,2.0,1,0,0,0,1,https://tiki.vn/chuot-may-tinh-chuyen-game-drlm066-tang-mieng-lot-chuot-p29641879.html?spid=29641880
21,Chuột máy tính Genius DX-110 - Hàng Chính Hãng,199.0,0,199.0,Thiết Bị Mới,Genius,0.0,0,0,1.0,5.0,1.0,1,0,0,0,0,https://tiki.vn/chuot-may-tinh-genius-dx-110-p124895938.html?spid=129728127
22,"Chuột Máy Tính Chơi Game VINETTEAM G5 , Hiệu Ứng Ánh Sáng 7 Màu Phát Sáng , 6 Nút 4 Tốc Độ Phù Hợp Cho Game Thủ Và Văn Phòng - Hàng Chính Hãng",99.0,0,99.0,vinet shop,VINETTEAM,3.0,Tem bảo hành,Bảo hành bởi nhà bán hàng thông qua Tiki,9.0,4.6,5.0,3,2,0,0,0,https://tiki.vn/chuot-may-tinh-choi-game-vinetteam-g5-hieu-ung-anh-sang-7-mau-phat-sang-6-nut-4-toc-do-phu-hop-cho-game-thu-va-van-phong-hang-chinh-hang-p82855999.html?spid=82856001
23,Chuột máy tính Logitech B100 Đen - Hàng chính hãng,69.0,0,69.0,Nguyễn Kim Official,Logitec,36.0,Phiếu bảo hành,Bảo hành bởi nhà bán hàng thông qua Tiki,0.0,0.0,0,0,0,0,0,0,https://tiki.vn/chuot-may-tinh-logitech-b100-den-p126734052.html?spid=126734053
24,Chuột NEWMEN G7+ - Chuột quang máy tính - Chuột chơi game chất lượng -Hàng Chính Hãng,279.0,0,279.0,Bảo Sơn Computer,Newme,0.0,0,0,0.0,0.0,0,0,0,0,0,0,https://tiki.vn/chuot-newmen-g7-chuot-quang-may-tinh-chuot-choi-game-chat-luong-p125840141.html?spid=125840142
25,Chuột máy tính có dây NEWMEN M266 - Hàng Chính Hãng,126.0,0,126.0,Hạt Gạo Store,Newme,24.0,Điện tử,Bảo hành chính hãng,0.0,0.0,0,0,0,0,0,0,https://tiki.vn/chuot-may-tinh-co-day-newmen-m266-hang-chinh-hang-p111860049.html?spid=111860055
26,Chuột Máy Tính Có Dây Dành Cho Dân Văn Phòng Chuyên Dụng M-100r,109.0,0.07,101.0,,OEM,12.0,Tem bảo hành,Bảo hành bởi nhà bán hàng thông qua Tiki,6.0,4.0,2.0,1,0,1,0,0,https://tiki.vn/chuot-may-tinh-co-day-danh-cho-dan-van-phong-chuyen-dung-m-100r-p116407401.html?spid=122656399
27,Chuột máy tính Chống Mỏi - Chuột Gaming Có Dây Dáng Đứng Bảo Vệ Cổ Tay Loại 5 Nút,199.0,0,199.0,Hùng Dũng 68,OEM,1.0,Hóa đơn,Bảo hành bởi nhà bán hàng thông qua Tiki,20.0,4.2,6.0,4,1,0,0,1,https://tiki.vn/chuot-may-tinh-chong-moi-chuot-gaming-co-day-dang-dung-bao-ve-co-tay-loai-5-nut-p87012976.html?spid=87012986
28,Chuột Máy Tính Văn Phòng Có Dây R8 1607 - Hàng Nhập Khẩu,87.5,0,87.5,Công Nghệ July,R8,0.0,0,0,12.0,4.7,3.0,2,1,0,0,0,https://tiki.vn/chuot-may-tinh-van-phong-co-day-r8-1607-hang-nhap-khau-p31524204.html?spid=53225266
29,Chuột máy tính hình rùa NS 5773 (Giao màu ngẫu nhiên),61.0,0,61.0,TS HCM STORE,OEM,6.0,Hóa đơn,Bảo hành bởi nhà bán hàng thông qua Tiki,0.0,0.0,0,0,0,0,0,0,https://tiki.vn/chuot-may-tinh-hinh-rua-ns-5773-giao-mau-ngau-nhien-p16216946.html?spid=136795018
30,Chuột máy tính,990.0,0,990.0,TKcomputer,OEM,0.0,0,0,0.0,0.0,0,0,0,0,0,0,https://tiki.vn/chuot-may-tinh-p100029834.html?spid=100029835
31,Chuột máy tính Genius DX120 USB - Hàng Chính Hãng,99.0,0,99.0,KoyShop,Genius,12.0,Tem bảo hành,Bảo hành bởi nhà bán hàng thông qua Tiki,59.0,4.8,6.0,5,1,0,0,0,https://tiki.vn/chuot-may-tinh-genius-dx120-usb-hang-chinh-hang-p15589295.html?spid=57397799
32,Chuột không dây máy tính Kit - Dell Laser Wired Mouse MS3220 SnP - Hàng Chính Hãng,450.0,0,450.0,Máy tính Lanh Dung,Dell,12.0,Tem bảo hành,Bảo hành chính hãng,0.0,0.0,0,0,0,0,0,0,https://tiki.vn/chuot-khong-day-may-tinh-kit-dell-laser-wired-mouse-ms3220-snp-hang-chinh-hang-p66104333.html?spid=70524117
33,Chuột Máy Tính Có Dây APEDRA A8 Có LED - Hàng Chính Hãng - Giao Màu Ngẫu Nhiên,169.0,0,169.0,HOÀNG NHÂN COMPUTER,APEDRA,6.0,Tem bảo hành,Bảo hành chính hãng,19.0,4.8,8.0,6,2,0,0,0,https://tiki.vn/chuot-may-tinh-co-day-apedra-a8-co-led-hang-chinh-hang-giao-mau-ngau-nhien-p72077919.html?spid=72077920
34,Chuột máy vi tính Bosston D608 LED- Màu ngẫu nhiên - Hàng chính hãng,89.0,0.12,78.4,Công Nghệ July,Bossto,0.0,0,0,48.0,4.3,10.0,5,3,2,0,0,https://tiki.vn/chuot-may-vi-tinh-bosston-d608-led-mau-ngau-nhien-hang-chinh-hang-p34574766.html?spid=45841449
35,[Loại Tốt] Chuột Dây Máy Tính KhoNCC RFN100 Hàng Chính Hãng - Độ Nhạy Đến 1600dpi - Cổng USB Dây 1.5 mét - KLVQ-3288-RPN100,158.0,0.31,109.0,,KhoNCC,3.0,Điện tử,Bảo hành bởi nhà bán hàng thông qua Tiki,0.0,0.0,0,0,0,0,0,0,https://tiki.vn/loai-tot-chuot-day-may-tinh-khoncc-rpn100-hang-chinh-hang-do-nhay-1600dpi-cong-usb-day-1-5-met-klvq-3288-rpn100-p134844879.html?spid=134844880
36,Chuột máy tính AKKO RG325 Dragon Ball Z - GOKU - HÀNG CHÍNH HÃNG,699.0,0,699.0,Phụ Kiện Remy,AKKO,12.0,Điện tử,Bảo hành chính hãng,0.0,0.0,0,0,0,0,0,0,https://tiki.vn/chuot-may-tinh-akko-rg325-dragon-ball-z-goku-hang-chinh-hang-p111153262.html?spid=130960786
37,Chuột có dây cao cấp dành cho máy tính bảo hành - Hàng chính hãng,119.0,0,119.0,Thế giới sản phẩm,oco,1.0,Hóa đơn,Bảo hành bởi nhà bán hàng thông qua Tiki,1.0,5.0,1.0,1,0,0,0,0,https://tiki.vn/chuot-co-day-cao-cap-danh-cho-may-tinh-bao-hanh-hang-chinh-hang-p127285092.html?spid=127285093
38,Chuột máy tính có dây Newmen N500 Plus hàng chính hãng,255.0,0,255.0,AChauComputer,Newme,0.0,0,0,5.0,5.0,2.0,2,0,0,0,0,https://tiki.vn/chuot-may-tinh-co-day-newmen-n500-plus-hang-chinh-hang-p104069896.html?spid=104069898
39,Chuột Máy Vi Tính Có Dây M200 Chuột Laptop Có Dây Đèn Led,237.6,0,237.6,dienmayohno,OEM,0.0,0,0,0.0,0.0,0,0,0,0,0,0,https://tiki.vn/chuot-may-vi-tinh-co-day-m200-chuot-laptop-co-day-den-led-p118536772.html?spid=118536774
40,CHUỘT MÁY TÍNH MIXIE X2 - BÁN SỐ 1 THÁI LAN - HÀNG CHÍNH HÃNG,50.0,0,50.0,TECH 1988,MIXIE,12.0,Tem bảo hành,Bảo hành chính hãng,0.0,0.0,0,0,0,0,0,0,https://tiki.vn/chuot-may-tinh-mixie-x2-ban-so-1-thai-lan-hang-chinh-hang-p58262294.html?spid=58262295
41,Chuột máy tính có dây Assassins AM101 - Hàng chính hãng,110.0,0,110.0,Anh Trịnh LInh,Assassins,0.0,0,0,18.0,4.7,3.0,2,1,0,0,0,https://tiki.vn/chuot-may-tinh-co-day-assassins-am101-hang-chinh-hang-p20992851.html?spid=32855742
42,"Chuột máy tính có dây Newmen M007 (MS-619) - Business Office, Black - Hàng chính hãng",99.0,0,99.0,Hạt Gạo Store,Newme,24.0,Điện tử,Bảo hành chính hãng,0.0,0.0,0,0,0,0,0,0,https://tiki.vn/chuot-may-tinh-co-day-newmen-m007-ms-619-business-office-black-hang-chinh-hang-p111859857.html?spid=111859858
43,"Chuột máy tính có dây G3SE thiết kế nhỏ gọn, Led bao quanh đẹp mắt, DPI tùy chỉnh",75.0,0,75.0,Công Nghệ July,OEM,0.0,0,0,0.0,0.0,0,0,0,0,0,0,https://tiki.vn/chuot-may-tinh-co-day-g3se-thiet-ke-nho-gon-led-bao-quanh-dep-mat-dpi-tuy-chinh-p120462934.html?spid=120462937
44,Chuột máy tính E-Dra EM614 RGB chuyên gaming - Hàng Chính Hãng,259.0,0,259.0,Extreme Zero Online,E-DRA,12.0,Tem bảo hành,Bảo hành chính hãng,5.0,1.5,2.0,0,0,0,1,1,https://tiki.vn/chuot-may-tinh-e-dra-em614-rgb-mau-den-hang-chinh-hang-p43085510.html?spid=70115410
45,Chuột Máy Tính APEDRA M2 - Hàng Chính Hãng - Giao Màu Ngẫu Nhiên,123.0,0,123.0,HOÀNG NHÂN COMPUTER,APEDRA,6.0,Tem bảo hành,Bảo hành chính hãng,0.0,0.0,0,0,0,0,0,0,https://tiki.vn/chuot-may-tinh-apedra-m2-hang-chinh-hang-giao-mau-ngau-nhien-p72028557.html?spid=72028558
46,Chuột máy tính có dây,63.0,0,63.0,Phụ kiện âm thanh Tài Lộc,OEM,0.0,0,0,0.0,0.0,0,0,0,0,0,0,https://tiki.vn/chuot-may-tinh-co-day-p122179793.html?spid=122179799
47,CHUỘT MÁY TÍNH CÓ DÂY,55.0,0,55.0,Shopxuka2244,OEM,0.0,0,0,0.0,0.0,0,0,0,0,0,0,https://tiki.vn/chuot-may-tinh-co-day-p133431968.html?spid=133431972
48,Chuột Chơi Game Có Dây 7 Nút LED 16000 DPI Đèn Nền Dành Cho Máy Tính Laptop - Hàng Chính Hãng,399.0,0,399.0,vinet shop,VINETTEAM,3.0,Tem bảo hành,Bảo hành bởi nhà bán hàng thông qua Tiki,3.0,5.0,1.0,1,0,0,0,0,https://tka.tiki.vn/pixel/pixel?CLICK=&data=djAwMTj8Y32nyA4jxIi50Bztav2XZNZOwTnvPfxa1A7Mz4_6aY15zffFOQOalxN28E8IPKIva7w1fnu_CynyZgFwm8LDjVrE6z5UgHsWipmQAsOT20UsgwDx7hHN9CCKSgUuIhYv7GzKYkLeqiNLREGSMlyYy4cTwCrFIyI4-RV-qBDh069VlgPTpm7Yw5lY1Em61GMjNRXs90iXQV4oRznAWd1EDLmIqrFnDdZsLZNm2CoL1xHJyYJ4qTb3tS5t9_AdskSHA0UhUxuGHDlHuAvC7MxZv8FE1WKmCc8mc5qcHf0XnAJqKpYRyHPPzQMFMyD2-swbcfcscFcekoriQVcAEvUyDEUCE9gksB5Fzi1enqBp-ZzbC976ginrujrhEnJ8YCDzfxhQxDPy1u8pFI83moJFNWJ1RXEGB0aDYYj63D36Ud3BeSGWRzc34bA1QAswPfdW-UV4RGa080p_wL5CHRmiNr-UZZ76cxWf9L9TgzdRQQYmtwpJzEKFz0AzRYWFhdCqQ4rlVk29Wj_owB4JuuxlMIbvvFg_og536KNOV6_CjdAD2EKNDzoBBWEhM-gtWPrCH2qbk_WFOhJMMHhUNTVZlaY-5e6ML36NArJc0GMpcxaiSgV-v-sagxMlRfBOS7naQMgVfWSvjLp8PjI-CWTH_262zRXz0Ul0M1_xXBMSHTBIBBGVZsPtTQMkeh8kWU9ncvcyLWeDVqpWxoVl9nCquSh4UWRQhuKfNBssgFPOYaSeeOQRnbkF3BrvtvPKduPWRa7w9DuNTBXKE-bjk3J6uGfGqt2CkSBUjuiNh9vsJsplbhQsZhbyVE_C5PmU1GLgkiWBZ0uKeKyIo3pFncCs0FkS4t5unKT4Wazusq-znRGf4tRBzKzUOmoNG3Arm6iJiNi1Zx-q2aXzfXJIeYIlFasxM7TunIlyCHi4cutwhIFJDTDpvz8Jp7kHLW99I-H7IUyr1z8Kmi9pIvwtmeq9kgwRIJhToYv2gnF5Q05_M9i-PJ4_fQXbK8QwwSDSZNj0phOHN9-uuQ&itm_campaign=SRC_YPD_TKA_PLA_UNK_ALL_UNK_UNK_UNK_UNK_X.26446_Y.264597_Z.672065_CN.chuot&itm_medium=CPC&itm_source=tiki-ads&reqid=F6Is70XiAa&pos=49&redirect=https%3A%2F%2Ftiki.vn%2Fchuot-choi-game-co-day-7-nut-led-16000-dpi-den-nen-danh-cho-may-tinh-laptop-hang-chinh-hang-p51530573.html%3Fspid%3D51530574
49,Chuột Máy Tính APEDRA HN-M5 - Hàng Chính Hãng - Giao Màu Ngẫu nHiên,125.0,0,125.0,HOÀNG NHÂN COMPUTER,APEDRA,6.0,Tem bảo hành,Bảo hành chính hãng,0.0,0.0,0,0,0,0,0,0,https://tiki.vn/chuot-may-tinh-apedra-hn-m5-hang-chinh-hang-giao-mau-ngau-nhien-p72029235.html?spid=72029236
50,"Chuột Quang Máy Tính ADB Link Có Dây , Model :M199",86.0,0,86.0,Thiên Thảo Computer,ADBLink,12.0,Tem bảo hành,Bảo hành bởi nhà bán hàng thông qua Tiki,0.0,0.0,0,0,0,0,0,0,https://tiki.vn/chuot-quang-may-tinh-adb-link-co-day-model-m199-p116892673.html?spid=116892674
51,"Chuột Máy Tính Độc Đáo, Dễ Thương Mang Phong Cách Hoạt Hình",159.0,0.05,151.05,Lingha Fashion,OEM,12.0,Tem bảo hành,Bảo hành bởi nhà bán hàng thông qua Tiki,0.0,0.0,0,0,0,0,0,0,https://tiki.vn/chuot-may-tinh-doc-dao-de-thuong-mang-phong-cach-hoat-hinh-p114255687.html?spid=122655694
52,Chuột LED RGB 3200 DPI Gaming Mouse A868,150.0,0,150.0,Tech7,OEM,3.0,Phiếu bảo hành,Bảo hành bởi nhà bán hàng thông qua Tiki,241.0,4.8,91.0,75,13,2,1,0,https://tka.tiki.vn/pixel/pixel?CLICK=&data=djAwMSSe62u4YiUpI-dFp7VRPHVfnPO9U64kYPvaIi3eE9xfdn5pNnYQ4YqoYzHuKX0NFGXk8UStuis_gwu-Awc6Gm8Ei9yjHvqSY1-2B3ZMOODkJBhBbW3MZLb7allHSAMRE22ZKWt_IC6bllAAiXem8usO3pCaOeK4eKbER0frGALeSYnmJkm-HPMWa0VFCkYnLWPEZH5VVomWS3w_oszJifENnDktm37MWLZIZVtwQ1quBLZ3kTBVFoL1Mvt3dLw1WMcu1fTi8RxSkbDPjrPwRCHJPqVaTrO2o8z7v8z4QqmNveNCKNAMA1UySwxsLyYSzUA7J1KpDVcC_BDyyN7Ofhcv45F4rXnNHowTTn2V2cKzDZs4Rf0j7VE7guYV3zPB17WVULOjFxNikegmYcNT8l1mgzSMZyWx7G8zf0_T5Wt5oJ7Kw_MZBl9DzbYFMZ7cmqM55gqnNO7dr1kOi2-oxUjVKDQoLFWcKc4UNFI3OkbM3ll5mpL29Q3egatEaQCfA0g0vJiKvoX78QLsSpZGtuwRRv4Uebh4DSy1xdT-SH76FjM5sI_PGRzsBlOHWYBDn1609RxWYJj_B0ge7OdvKwlbVyE6QVZDm5b7qODfui5BdMUh_Fo2p5ewab9rKreGTAl6ZcgsZxkqMD7AAnYY_VEnhJBLFTksJtcrrm6ScmUcpQpw8ckf3TLIu7F6D4_hP6dqrdzDjmbbId8-WpZ15l4bXIrwdKocvfs1vKJg_9_pBE0iVyjaJaVf0Ubzz8U_5cY3Sv-qKmG4jH-xFOwFK7fQ1ZQQTZoCyVbkH8XBiXvYRUqpGy6qQRbkoEHqyvOynLjzk6jYRwwRtlR9fZCJ1MUyielvqzWDsMaEknoxaxTnsFI60NFtWQi9jP5sdDH01SR0g4AdSCu1fwXBIglXG0yEJYTGr7dSebLdlv00swnIC0PlTB6nCDNlEfO-wZq7VcMgJWAqSfa9RA0WJZfdFQUzAKk9A_ENdRCD_yJY2yFSFgCxCHHLvuSbO7CIs0IHu5jStWgwwAYH67-gcTYm_JfE_c99Opggl1hn_ViFHu01dSw&itm_campaign=SRC_YPD_TKA_PLA_UNK_ALL_UNK_UNK_UNK_UNK_X.38927_Y.298812_Z.731800_CN.Mouse&itm_medium=CPC&itm_source=tiki-ads&reqid=F6Is70XiAa&pos=53&redirect=https%3A%2F%2Ftiki.vn%2Fchuot-led-rgb-3200-dpi-gaming-mouse-a868-p73258986.html%3Fspid%3D73258992
53,.Chuột Máy Tính có dây Forter FT - 3900P Cực Bền Hàng nhập khẩu,115.0,0,115.0,Videas,Forter,12.0,Tem bảo hành,Bảo hành bởi nhà bán hàng thông qua Tiki,0.0,0.0,0,0,0,0,0,0,https://tiki.vn/chuot-may-tinh-co-day-forter-ft-3900p-cuc-ben-hang-nhap-khau-p114981319.html?spid=114981320
54,Chuột Máy Vi Tính Có Dây FV-55 Chuột Laptop Có Dây,237.6,0,237.6,dienmayohno,OEM,0.0,0,0,0.0,0.0,0,0,0,0,0,0,https://tiki.vn/chuot-may-vi-tinh-co-day-forev-fv-55-chuot-laptop-co-day-p118537079.html?spid=118537080
55,Chuột máy tính Newmen N500 Plus - Hàng chính hãng,255.0,0,255.0,AChauComputer,Newme,0.0,0,0,0.0,0.0,0,0,0,0,0,0,https://tiki.vn/chuot-may-tinh-newmen-n500-plus-hang-chinh-hang-p104069537.html?spid=104069539
56,[ XUẤT KHẨU MỸ ] - CHUỘT BLUETOOTH KHÔNG DÂY MÁY TÍNH CHƠI GAME - GAME THỦ CHUYÊN NGHIỆP - THE DEOSD - TD-WME29 - HÀNG CHÍNH HÃNG,249.0,0.05,236.55,,e Deosd,0.0,0,0,1000.0,5.0,76.0,76,0,0,0,0,https://tka.tiki.vn/pixel/pixel?CLICK=&data=djAwMYJxrkVMdf3NFsa130XhGkt0sFRDOa5m26R9CIzAQkzaekBKp9B8M0wg4lWJMywu4oruvu5jz9Ruw6s5I5dX2IPlclSqyIbT2ljhn-uBDtEQM0C58ukfX2hb3fmmZwqSr7aH-N2bWWO6l4No-oxesXeDEZhBummZUxt3OTjHOn_WIVthXEmwJpKcOm_LdzrPWHnkChqDpUvDKEMXIvA99vQVVMPnUUUFOoagfekQU6xoksaeEIH9u-NsJtodrhB4mtzBdQXiiW2WEp3jzpr11gekeUjf32_tR6E3tmyl6DidWkJFUQ4iE85IrLtCkNVVEmeAs3pFcCHanwy2d8dkqs-RmBg7dXe9BaaDqnFR1CSN3Bbipzbi9EH7S0OggtWbA8GIkT2bSFgHld95UM8kfuz2GemRBOJu7bOFTFJ5bXfCNgQpxIMcwBb7XUtbD12Hkn-z-c0dMvy4tSeVlysBHe2qGwZs11-xGLX0ypC1MOmOZh23WtXSnrAnyqxXBcecav2fRmJMz5pradjvfCakTt9TzT3s-PVCNYt24EM1-AgWRFGuzg4oJDYOQJ9TiFn9xeIIWtIrdOjJ0QWFRkmuJKYVQFZTfsbRI-ng3sqfwHfazUSkNCV5b_ggg1hzsLankhRV9WScjAgeGftmosPE0C_6-9CBATbRzRFE9WjQ7s7hZEtwz-DT0RQgtn0yVJ5FCEucth93n7_C4NnTk7HdHccRSUbqpZYECEGFbAbEZMgnR-cHJDoeHmnH328_ffjD6Pn0u9nvUfrkjtIRHxayt0BSpWVBiJUAxEjs5-xjTgO3qWHkJGfdnnaWfAg0y745up5anE90qAiqlb7bc-CsXqDVpL9PNhwwXBCmwTS6engc36sbkS5TirQxXn48eBBJCN2lPmrzyHvjm_XVvJByYfaoWS1c53fclytaOYOsV-ggWXL1rZm3WcmC16Th1UtwxrZ9WDrvvxpPtk6SZdPYcKK1T-YCYKU3jQza9XwwY4xe7cMefDbsdgKYKXKSD51W5iqWqnuLpOCEIU1V25zVQ9-5xPeP&itm_campaign=SRC_YPD_TKA_PLA_UNK_ALL_UNK_UNK_UNK_UNK_X.93118_Y.858036_Z.1625655_CN.chuot&itm_medium=CPC&itm_source=tiki-ads&reqid=F6Is70XiAa&pos=57&redirect=https%3A%2F%2Ftiki.vn%2Fxuat-khau-my-chuot-bluetooth-khong-day-may-tinh-choi-game-game-thu-chuyen-nghiep-the-deosd-td-wme29-p134226332.html%3Fspid%3D134226334
57,Chuột NEWMEN M266 - Chuột quang máy tính - Giá cực tốt - Hiệu năng tốt trong tầm giá -Hàng Chính Hãng,129.0,0,129.0,Bảo Sơn Computer,Newme,0.0,0,0,0.0,0.0,0,0,0,0,0,0,https://tiki.vn/chuot-newmen-m266-chuot-quang-may-tinh-gia-cuc-tot-hieu-nang-tot-trong-tam-gia-p125840133.html?spid=125840139
58,Chuột NEWMEN N3000 LED RGB USB - Chuột quang máy tính -Hàng Chính Hãng,345.0,0,345.0,Bảo Sơn Computer,Newme,0.0,0,0,0.0,0.0,0,0,0,0,0,0,https://tiki.vn/chuot-newmen-n3000-led-rgb-usb-chuot-quang-may-tinh-p125840144.html?spid=125840145
59,Chuột Máy Tính DARE-U LM101 - Hàng nhập khẩu,95.0,0,95.0,HolaHola,DareU,3.0,0,0,0.0,0.0,0,0,0,0,0,0,https://tiki.vn/chuot-may-tinh-dare-u-lm101-hang-nhap-khau-p32975595.html?spid=32975597
60,Chuột Gaming Imice T98 7200Dpi Mắt Quang Học Game-Grade Engine Xử Lý Chính Xác Mượt Mà Không Độ Trễ Giật Lag Bề Mặt Tổ Ong Thoáng Mát Chống Mồ Hôi Tay Trang Chí Đèn Led RGB Phù Hợp Chơi Game Thiết Kế Đồ Họa Hoặc Văn Phòng - Hàng Chính Hãng,349.0,0.15,298.0,,Imice,12.0,Hóa đơn,Bảo hành bởi nhà bán hàng thông qua Tiki,24.0,4.7,7.0,5,2,0,0,0,https://tka.tiki.vn/pixel/pixel?CLICK=&data=djAwMSe8AtfcQYdJTwBjAbRqWRwRZFXzqcL1vkIMplm_sHgjtAgNie0nG4IQ5Sd4oDnugHweMOAcidsvOdjQG4uyYIMox2A_NVVVhSOeZYXSuQc7BL5d_i80osUO0hABl4O15pLqKu51sY2LWRmsvgPs-7Uu6BD5zTMaqy-YRsqbgsbL42EC0w91qsRNoayI4qx38MtphSj8f7pY8t-cQcDv0e07kTyxqNZn11MT4JmsBtF59aOej3-4FOXOVGnFcEkj1SXnd5AEQl_RDgxv-yB3RFQmaErXw7hbRdAMkYTgcpWGE4rx9jWcYKeS9N0UuBfjBBkwo2hO65XddfjAUyNEGZv4C2oPfDkD89Veh_zw1bH4HY1Nh6khq7HIeVfL9DbItgaZVO2tfMXECWqhWKwFNde1uhzsrFuONf0Irj7Q9uT4Pl1GKPCiNFhKaaBc9SJ8x4knnbOsFBwAbJ1jcl8TtopOa5JjL6psifrp23gV161wB39XqhdjP2fFVMVYGvqS2wfWdS6gYwCY0nCHzyn7L2SJgph_nGALTCuXNZOt9ekDJ8kchCOUK0l8auYtYLK5MI85dOC0aC_z9P-Brp_14trr65FSo1KAaME05lG-7W1RVZ8b-iabJ4AcC1XxzDChNQdMzqEZ1Vou7h5bnHsLnXm5yutr9t7ahGNQQNlLa0jlnmJGTziEmO_fPaSos-kBAXOvTiTl8aB0e-keaVKYmpxf0NO-x_-5J__wFTU0yJidhWnUUf3CoCdbrwctRSt_rvZy6DgE4qe7ONZG4A2yPXeEpsVfYB0VKg1wCIhv977n9sWjpFoMZzJSw1Oc1y_7vxuCtG1c1ULTZJhbeCSBzk3tcZHTHmbFUozg3dYDqJGoei9i9VNkh-UgRqAUEZG0FL7rm5mJVbVg4M0mVNmvNyJ40pNRbQ2xAvaPXD_dvoVt53PL5T0C_H6b6m7xqZFibTHv6hySYnwq-IZxU70U7S6fefVWeTwLPORLCalbk1ezK46J-VmrNZH87pc7LF-kcLh0LKAfoLOxHrz7LSjiIKchYUx0RaTkCQXtH_MSynQ&itm_campaign=SRC_YPD_TKA_PLA_UNK_ALL_UNK_UNK_UNK_UNK_X.38799_Y.397270_Z.928452_CN.TONG-HOP-1&itm_medium=CPC&itm_source=tiki-ads&reqid=F6Is70XiAa&pos=61&redirect=https%3A%2F%2Ftiki.vn%2Fchuot-gaming-imice-t98-7200dpi-mat-quang-hoc-game-grade-engine-xu-ly-chinh-xac-muot-ma-khong-do-tre-giat-lag-be-mat-to-ong-thoang-mat-chong-mo-hoi-tay-trang-chi-den-led-rgb-phu-hop-choi-game-thiet-ke-do-hoa-hoac-van-phong-hang-chinh-hang-p101461470.html%3Fspid%3D101461471
61,Chuột Máy Tính Có Dây Dùng Cho Văn Phòng Panda Mouse,159.0,0.05,151.05,Lingha Fashion,OEM,3.0,Tem bảo hành,Bảo hành bởi nhà bán hàng thông qua Tiki,0.0,0.0,0,0,0,0,0,0,https://tiki.vn/chuot-may-tinh-co-day-dung-cho-van-phong-panda-mouse-p104493089.html?spid=104493091
62,Chuột NEWMEN N500 Plus - Chuột quang máy tính - Chuột dành cho game thủ -Hàng Chính Hãng,260.0,0,260.0,Bảo Sơn Computer,Newme,0.0,0,0,0.0,0.0,0,0,0,0,0,0,https://tiki.vn/chuot-newmen-n500-plus-chuot-quang-may-tinh-chuot-danh-cho-game-thu-p125840101.html?spid=125840105
63,Chuột Máy Tính Có Dây SIMETECH X1 - Black - Hàng Nhập Khẩu,95.0,0,95.0,BÒN BON STORE,Simetec,0.0,0,0,12.0,4.5,2.0,1,1,0,0,0,https://tiki.vn/chuot-may-tinh-co-day-simetech-x1-black-hang-nhap-khau-p37666052.html?spid=52322978
64,Chuột Máy Tính XSmart Free Wolf V1 LED RGB Chơi Game Tự Động Đổi Màu Cực Đẹp - Hàng Chính Hãng,129.0,0,129.0,XSmart,XSmart,3.0,Điện tử,Bảo hành bởi nhà bán hàng thông qua Tiki,62.0,4.6,23.0,16,5,1,1,0,https://tka.tiki.vn/pixel/pixel?CLICK=&data=djAwMetfncTpipjIoWbui6a3lUCN-_kdxXiSodCvg_FW9IDlLdsoOh2y0dOvaR1WBnN9cqr4cyfkbC0PEWA-SKgPvjR5RuLROypTClGp05bsSbM-3JdHUgGP6ZAuWFZswHyl_NohR89DwzbLFwKVreoLyDJdCw-y7CHxozGDaKjn2UwkADsK9DxC5uKU3_fkgkpXa_C2ue2gOsfTnTo4t5h2s8cNh9BxCgcDjrfsSq81-SXjjCkCHwJBsVaFYtOUvXWJjuUHn9xAFNG6Yr5OzegXvv6IujnEOjhauuqfyTu7EM5UuuNn10ehkryJX_I5HejomPU9NtznCP8E0Sn_ImbDbNw4Grb8ui1YrxiV1Od17TahF757qKxFbMM4_09_j6QdJLQt_mKRsZh62cWZ66Knrra587v7-_a3cWlPcHu70lWuyqZpmYUJhUHdYCd3vqMoxPGE_RY_mQN6hxF_1BmN1Cx2qLEcI_eLdDP_rnDI_NGDkhnFSq8OFfhO-QNgXNYLW16Dt4G8puACWNpOSq-5hlzzckfYlNHNxzRCfU-nXfy7zHnRot8WS9dzoMNKmxedfyS3RFR62JoeeWbXoFcgKE1E9G-IqmcUfN7EnSKWWMc-CN_t9eL8Rqp2ydjbYl8FXvtd8XTJRPHdZNi8A-Cz-45dRCT8jQJpaydvCAYUbBi-iCVjR0G4ViFSsaQPAmvKB389vHOVc7VFr3zoCTbKuWnVeW-W_JmYpfbk4a6kAQH7vWMw71WUZkty5lnTlD82ti0NUv67e1e9pMoapInm-dFzZAo1nM64jPhFF6YJgEapa8pNHjlxzCMjg1nE7nQcWdS8Z1qdE4s5EzhPMFsJM0JrwmtqFvVoUzwX7n5V7d2jcAbDnbkkv5nuFiV0C64qx7W1Kfc_w3GwQ65lZEcpdia8Tp4izquRPERH428qqpTPuDVvyBQ4lAGw2kY075CpUrAk1bB5PeF7zRtsYwKuJqcEMHpDiSHoH8HuqXxmMcSZud4A692KqqmeumbyirNcWzr55ZhsT-oBgfZo4gM3RfI&itm_campaign=SRC_YPD_TKA_PLA_UNK_ALL_UNK_UNK_UNK_UNK_X.85591_Y.765961_Z.1501396_CN.phim-chuot-650&itm_medium=CPC&itm_source=tiki-ads&reqid=F6Is70XiAa&pos=65&redirect=https%3A%2F%2Ftiki.vn%2Fchuot-may-tinh-xsmart-free-wolf-v1-led-rgb-choi-game-tu-dong-doi-mau-cuc-dep-hang-chinh-hang-p96615280.html%3Fspid%3D96615281
65,Chuột NEWMEN G10+ - Chuột quang máy tính - Chuột cho game thủ -Hàng Chính Hãng,189.0,0,189.0,Bảo Sơn Computer,Newme,0.0,0,0,0.0,0.0,0,0,0,0,0,0,https://tiki.vn/chuot-newmen-g10-chuot-quang-may-tinh-chuot-cho-game-thu-p125840100.html?spid=125840104
66,Chuột Quang Vi Tính Mitsumi ECM-S6603 (CH) - Hàng Chính Hãng,99.0,0,99.0,Vi Tính Quốc Vy,Mitsum,12.0,Phiếu bảo hành,Bảo hành bởi nhà bán hàng thông qua Tiki,21.0,5.0,2.0,2,0,0,0,0,https://tiki.vn/chuot-quang-vi-tinh-mitsumi-ecm-s6603-ch-hang-chinh-hang-p25998498.html?spid=105663208
67,Chuột vi tính B100 ,90.0,0,90.0,Công Nghệ MIS,OEM,12.0,Hóa đơn,Bảo hành bởi nhà bán hàng thông qua Tiki,0.0,0.0,0,0,0,0,0,0,https://tiki.vn/chuot-vi-tinh-logitech-b100-p121747210.html?spid=121747211
68,Chuột Chơi Game Có Dây V5 Led RGB 6 Phím Chuột Máy Tính Dây Dù Hỗ Trợ Marco - Hàng Chính Hãng giao màu ngẫu nhiên,170.0,0,170.0,vinet shop,VINETTEAM,1.0,Tem bảo hành,Bảo hành bởi nhà bán hàng thông qua Tiki,155.0,4.6,63.0,50,9,0,0,4,https://tka.tiki.vn/pixel/pixel?CLICK=&data=djAwMaTXculTFgSP36SXaEE6fTjF8u1Yp8MGy3Nc5ICWMXBtlKHxWMS4dwy_mMShoS34T1ek4S1wC7vnKOrw4pDGYkl60y3VH8wtVeTcoo9M-l4bOzYfK5HyAvVl4MrPHg7CXg1D_KkoxUkJhmXc1CXaqsVHEraYRubVOWnUuMAbEj8RHqA3I6G7PynBmD26dBKbDYMOZkdr3YoQCHFarNoJli85Lji-8y_sNZ3PgbHPdr2Pj-HO8AW0NiB9_h-3Oo25ZcHhj3CeKfPGdg5PXpM9yl7PE6Z-jU1ahxESNCe3W_CRcFnh5CddASzcHGH_ycvocqaqqY060-fvvRT47sEJhlchriGzO0IXMYjT9sLoOWVs0Vgsa30-PLCe5lzv-rpzRg0-wBgGai-kgo2_MNqecBlFcW0nhisDQesEG1H3TjDSsNQrXmHUuCaPwBsp_9I8CKqDa5HfIhP0Dd-l-vl95rixKla58s7F0_4LK3UlOvOIRY3sK6WF3ebr0GXNG68L4SdfYgmD3oI2ZmQ6n4TucEi6JxBK3evMjlRrviHwQIo9Art4WGtnvVk8B4ZMNMP3beUoG23VQIoNyhu1domNAr4PdjBIGr2pQgzEhvX1lEK_lvyccWKO0RVvBNybcDSR2HwAcRhFiA7PixRGOWSjjcl4SVwxyjpWxaEf9BaayDzNFn95Aq5ikd_uATFSwt6SSh02NgZR0s4x_eckJ76TA6TmxRrv4tluqf9-ept-dPQmlkYFFXjhuJSfYApjRBxJdYVr_d4f795Y-ODtucoGz6VsG6Z9kawbs60N0UsgbDj6DLWyBCaJ6hH5RYAxF0L38Wfi_F6g3P6yfG1WjR4fg4Hi_ccsL_Am3UrMBMM5RMX84Eqp0UVkKrFt2tMRakge0cwWEsE7dD_aMogGf_N8p_2BF8EOZAkD8lrYZtrFtr0RUjNBWCC3NXR-2bN7VAJh_wQrA9DgDOzanar5VEH3bSKda9IPWRKMs_rz1F2S5NYkSRGyngMqsNqNCnX_KrsbR7XpnAPhJY3V6mL7EgY&itm_campaign=SRC_YPD_TKA_PLA_UNK_ALL_UNK_UNK_UNK_UNK_X.26446_Y.264597_Z.672062_CN.chuot&itm_medium=CPC&itm_source=tiki-ads&reqid=F6Is70XiAa&pos=69&redirect=https%3A%2F%2Ftiki.vn%2Fchuot-choi-game-co-day-v5-led-rgb-6-phim-chuot-may-tinh-day-du-ho-tro-marco-hang-chinh-hang-giao-mau-ngau-nhien-p68438139.html%3Fspid%3D68438140
69,Chuột vi tính có dây,68.0,0,68.0,Phụ kiện âm thanh Tài Lộc,OEM,0.0,0,0,0.0,0.0,0,0,0,0,0,0,https://tiki.vn/chuot-vi-tinh-co-day-p122179404.html?spid=122179408
70,Chuột máy tính văn phòng có dây Limeide - Hàng chính hãng,39.0,0,39.0,AB STORE,Limeide,0.0,0,0,0.0,0.0,0,0,0,0,0,0,https://tiki.vn/chuot-may-tinh-van-phong-co-day-p120509590.html?spid=120509591
71,Chuột quang máy tính laptop X2 DPI F721SP2,44.999,0,44.999,KOW Computer,OEM,0.0,0,0,0.0,0.0,0,0,0,0,0,0,https://tiki.vn/chuot-quang-may-tinh-laptop-x2-dpi-f721sp2-p82361074.html?spid=107216217
72,"Chuột không dây Prolink PMW5010 kết nối đầu thu 2,4 GHz, thiết kế Ambidextrous (đối xứng) phù hợp với người thuận tay trái lẫn tay phải, dùng cho Laptop, Notebook, PC và Mac - Hàng chính hãng",200.0,0.22,156.0,Prolink Official Store,Prolink,12.0,Tem bảo hành,Bảo hành chính hãng,155.0,4.6,53.0,40,11,0,0,2,https://tka.tiki.vn/pixel/pixel?CLICK=&data=djAwMbDy5zRXw545e4xGCLT5Eu_DvGOC2BlIKMpFsu8Nf0W2AAgk4IGBYSPAxCEYR3fK7Bz_fh46MqRDbnrdDgnITfvtJtzS95UczlYI9hVGNaMsPCN3WvwriwlLmlEQdHH1f92qu1WIcrmUTSnYOZp5DdJbKYKzArylH0KQJgx8RGrsYVPfT3tw_vg2rGzkPtnoX68EKHZPEvCzDu2jUs2dzz0F6nH1ra7DgtZmYXc83W0UvwDPWxGVVygZUb30JA3GyNZi7Pp8RXE_VEU1RZUsfI63VFdQ8NHIvxMZct8zjxzskXRgxcDjprARAF4DwBXar5bE-LE9kKOeLvn3hOT1_FpPyiIwXKlRkknhmm_KGEOuuiL7gREu5X3M8cEjXJSbeN4k2pteZYrfQjJCl6Krz-0BTTcnTFtfX88uuE8ii-PzZblldbRONd_LQaF8aSkNN2W7idnYhTD1JKVCAidDp4mfS-eZn7M7U-T5Y7pPv3pUzDpOSeJHixGPjGA3b9zdSCzJHF8d9B5gEW9T5Nw4hcqCrFCxAF_eQZ4Ry7cKqEp0cLncplLehhsaUOXi7GV1eqgYxbkwW0zHG5F_-qQjx_KsIfKYLHdyjqCZH24LwCMoqvGlvzGpfkWK9cVNos47qO9Np015tRCoMBJBiG8DiPpCNyjoTZd40iBHfGomWyY90lPOz8WYdgB7jTsbpLEoB9MRIVP1wRMq_GUVqPh_aaCOELLs0PVhuHSt3kCZJvl_4Xh16wtVtRhfprq3YU-sjfOmBldpoTnUoxZWTNnWJ8wfqLNauEZPdYGmNlpxW9euf_i86Gu9JWFRXxe3uYIP7uZdCgJ4o4pQ1H8ZnSYiiTmJ_F9Xfi6i5AWv_3LSm2tGfANaqD9i4SF6MwWusrDJU6B4d7BCAKgn2mP6HT4fPRN5k8tNmhvvU7-hpy_KfDkbV9SlTqpED8VXG2f9AVMq0zSUfqgjGYjXTcC32ea5aS7MjyDfUjwUtaAFYLecqFWicNlMhMAoqJAXp2zkhgKj9eJHzaQtWSZQwXP-2FJi8W4RehNBLzbBcak&itm_campaign=SRC_YPD_TKA_PLA_UNK_ALL_UNK_UNK_UNK_UNK_X.73554_Y.646567_Z.1329041_CN.T9_Chuot&itm_medium=CPC&itm_source=tiki-ads&reqid=F6Is70XiAa&pos=73&redirect=https%3A%2F%2Ftiki.vn%2Fchuot-khong-day-prolink-pmw5010-ket-noi-dau-thu-2-4-ghz-thiet-ke-ambidextrous-doi-xung-phu-hop-voi-nguoi-thuan-tay-trai-lan-tay-phai-dung-cho-laptop-notebook-pc-va-mac-hang-chinh-hang-p104496077.html%3Fspid%3D104496083
73,KẸP ĐIỆN THOẠI HÌNH CHUỘT MÁY TÍNH SIÊU GỌN,46.8,0,46.8,TỔNG KHO GIA DỤNG PHÚC LINH,OEM,0.0,0,0,0.0,0.0,0,0,0,0,0,0,https://tiki.vn/kep-dien-thoai-hinh-chuot-may-tinh-sieu-gon-p138823744.html?spid=138823746
74,Chuột Máy Tính Có Dây Newmen M266 - Hàng chính hãng,125.0,0,125.0,Công Nghệ Bình Minh,Newme,0.0,0,0,0.0,0.0,0,0,0,0,0,0,https://tiki.vn/chuot-may-tinh-co-day-newmen-m266-hang-chinh-hang-p123152481.html?spid=123152483
75,"Chuột máy tính có dây G3SE thiết kế nhỏ gọn, Led bao quanh đẹp mắt, DPI tùy chỉnh",100.0,0,100.0,Công Nghệ July,OEM,0.0,0,0,0.0,0.0,0,0,0,0,0,0,https://tiki.vn/chuot-may-tinh-co-day-g3se-thiet-ke-nho-gon-led-bao-quanh-dep-mat-dpi-tuy-chinh-p120462030.html?spid=120462032
76,Chuột vi tính B100 ,90.0,0,90.0,Công Nghệ MIS,OEM,12.0,Hóa đơn,Bảo hành bởi nhà bán hàng thông qua Tiki,0.0,0.0,0,0,0,0,0,0,https://tka.tiki.vn/pixel/pixel?CLICK=&data=djAwMVPQE0sxSEJlzkYZDp4K3mQbgqPdddplQUpEQ-rzt15z7qFHSWvntCoYrPPSiqZbOC3mSvzno1es2VV508mObVpCaRC_D7vGuNYt7O8hkjaP-ZfqZKkGOss5TEkD2TRaaKe-3GDPV6h-ufOqBTBt6Iv7qMcupfHodTIQYbxLugvUTpid-NVX6iusl0PaRJuSK-m_JnRSSMIKpuMJ-0o3rLJiKO9YSwVW0oOid-s_aCsgA_mkQLLxS4AjMp-2WdAU5N4WaRZPDOEF3Lfm0eCEi9vKlycG2QKxVRgqzK8zcCT2s44N-4gApI_tnp2SwXs5rQlpctWBiPKoWAkjPvC5EPB0OfWLNvfp5XnTMzNDhiRDgnTP6BMCxMsqmR2DNpcAw4Uoy6Mei-ahVZbMii781IhG5CjbgzSSbR_1lCG-CrqzJ8gzMDwwSodN9l0QEHrwifi_xpyj50vmqJt_vbrhlwAwM3UFnBiYYazCUHQpbZDUZvW84AgsniAetuVslfcURleqqSMxDbJGCaXNqXpY0f0FkJV5_PcMieiuvfQXqVRFXjb7xmdozUVn4jiXRwO4U76TfngjlABzY41z0PPIOfnjMrjrvZXG1UgpR1Pc-tENm6S1JClE1-64Xb5mb1lzLSd-R8V87A7aBNJFWs-VAwpy17vmHSbafZ3AyY-CLD-vWJd6nEm20RjcJpFHnhEdDNoPUukaC44EUofUsqptb6nJeSY1s0CcBtuMQ-zdLszpA4p5_qrDf-2jlgm4u3Ng-pY5C6kevn-wSsEDBSxFTiWRV5p6OCaQskICjKMQu_b3aGHU4duyYhR63whbkV3OkCrF4JQAu4XBbCHVylj3SYddGTMwOnIiuKsGOC2_A7M0WWzSSbuugSPWAmLb1ZD74t_KgJ50icR13Va_IZO4x2hVDumYTJahFpsWg_71QvxkU9lt0PfYLc3oRp1Hn4ptu6gcJG1BEurmzcF8p1fCWmmFhZ0j6nCh7xiEiQ&itm_campaign=SRC_YPD_TKA_PLA_UNK_ALL_UNK_UNK_UNK_UNK_X.79823_Y.709681_Z.1419942_CN.Product-Ads-16%252F10%252F2021&itm_medium=CPC&itm_source=tiki-ads&reqid=F6Is70XiAa&pos=77&redirect=https%3A%2F%2Ftiki.vn%2Fchuot-vi-tinh-logitech-b100-p121747210.html%3Fspid%3D121747211
77,Chuột Máy Tính GIPCO M059,71.5,0,71.5,KOW Computer,OEM,0.0,0,0,0.0,0.0,0,0,0,0,0,0,https://tiki.vn/chuot-may-tinh-gipco-m059-p97835955.html?spid=107221114
78,Chuột máy tính dễ thương kèm lót chuột,101.0,0,101.0,Renci,OEM,0.0,0,0,0.0,0.0,0,0,0,0,0,0,https://tiki.vn/chuot-may-tinh-de-thuong-kem-lot-chuot-p127802399.html?spid=127802418
79,Chuột Có Dây Logitech B100 - Hàng Chính Hãng,89.0,0,89.0,NGUYENVUSTORE,Logitec,12.0,Điện tử,Bảo hành bởi nhà bán hàng thông qua Tiki,1000.0,4.8,298.0,238,51,6,2,1,https://tiki.vn/chuot-co-day-logitech-b100-hang-chinh-hang-p356188.html?spid=49932
80,Chuột không dây chơi game HXSJ X801 thiết kế độc lạ Led RGB đổi màu click chống ồn DPI 1600 - Hàng chính hãng,499.0,0.42,287.0,HXSJ Official Store,HXSJ,6.0,Hóa đơn,Bảo hành bởi nhà bán hàng thông qua Tiki,174.0,4.5,74.0,58,8,2,1,5,https://tka.tiki.vn/pixel/pixel?CLICK=&data=djAwMSyIbh5CNIGydq2vNoOTpF2CMrp92kToX9GhoxEN7bHFZSWoM2J2mhvMrZ1GCpOU_jGf5ysLzefwI3v4Nt2-_dVyCW6x3hXkbKDFS4lzgQ1_kZAhPTTvw6SK0yswAB6otDjWHk_HV-y6chN_mmoU2bc0iDzRH4J0xAyKwuJE7lQYOPpm6M246NvnGwg9TDCkjADugu1Nk0TxyLE-DFkE6-21i1F1Fv_EkwYOfRvAfk8AAVqt8W0Afk3t0jBwIhVa3tFP1nUhCAqJEEOyWLRnpquE7FRWESdmkEU9EFZkBPVoLAbGmAs_zzfo9rvi54RcyP87DdqMEHYA_gRy05qqP34lOjBDkPu3tWO17LMIB1EjUNlHYJk50BfcIRLg2juqohqpDXg8N-K2dfhbWORQ3yAU7V2h4OdEHQrGs_uMPTTUopke3Vsq59kQrUgTYoVUA5o4rWQa0ExJJpAQYFthdg60wqrJPxxzcVWsS77AhWDsVcrXErSQwiuuxuEiqiMFXpFpvSzrIkWtb6xLtt-EdPlgwsW8hl7fkU1WSGLCTnvVAQ2-WYIs36YIwRBbjPP6EweSLYVcnWy5TP0zpTvvuHPxmvvlvMA7Ja7_jPxf-Jqr1LUa3evz-EE-ve4LTuGOJl6OPESd-OA1aYwYWUjtummxQqgvjzBWjFsk-w8oIdT3-dhwyot6m_AI-U1h_ajC9jNa-jyx7tJc6_ymNjoHIzBk-4xXI4sLzVckef4Hek-w-Tb53d0GZcGHFCs_RSzMcagA_24fuZC8bB1inPKmaqACWl0lkxBtLWLsHNjXbTM8oO12qOXARrIHFiIC_c-kkKh4PVmMFcgVMjHqu6uoFZb4zSuj8pAKCFZ3Hiad1udwE8n4h_JUgM3tF_N_SnR4-Mwnj-s5xpZq7qbpWJH0WBsQu4Bxv23zEv0ZEMYXdCTdKPOKD0PuQSrWU03busquoBPXh66R6iNsGqkBm6XLqVaIIyrz9My3TLJACWntKWmgttcKMmkbxLqZoqgAekC8CnNDUV0rV69VTwFRkEZIGc4lLmqsrvbr2TKV6Ss&itm_campaign=SRC_YPD_TKA_PLA_UNK_ALL_UNK_UNK_UNK_UNK_X.5781_Y.491986_Z.1075578_CN.Chuot-VP-khong-day-HXSJ---1&itm_medium=CPC&itm_source=tiki-ads&reqid=F6Is70XiAa&pos=81&redirect=https%3A%2F%2Ftiki.vn%2Fchuot-khong-day-choi-game-hxsj-x801-thiet-ke-doc-la-led-rgb-doi-mau-click-chong-on-dpi-1600-hang-chinh-hang-p104261141.html%3Fspid%3D104261143
81,Chuột Có Dây Dell MS116 (Đen) - Hàng Chính Hãng,109.0,0,109.0,NGUYENVUSTORE,Dell,12.0,0,0,1000.0,4.7,172.0,140,23,5,0,4,https://tiki.vn/chuot-co-day-dell-ms116-den-hang-chinh-hang-p637038.html?spid=31998688
82,Chuột Có Dây Logitech M105 - Hàng chính hãng,129.0,0,129.0,NGUYENVUSTORE,Logitec,12.0,Điện tử,Bảo hành bởi nhà bán hàng thông qua Tiki,706.0,4.9,179.0,158,17,4,0,0,https://tiki.vn/chuot-co-day-logitech-m105-hang-chinh-hang-p55897.html?spid=38759987
83,Chuột LED RGB 3200 DPI Gaming Mouse A868,150.0,0,150.0,Tech7,OEM,3.0,Phiếu bảo hành,Bảo hành bởi nhà bán hàng thông qua Tiki,241.0,4.8,91.0,75,13,2,1,0,https://tiki.vn/chuot-led-rgb-3200-dpi-gaming-mouse-a868-p73258986.html?spid=73258992
84,Bộ Bàn Phím Và Chuột Chơi Game Có 10 Chế Độ Led Khác Nhau XSmart T6RGB Super PRO 2021 Tương Thích Máy Tính PC Laptop - Hàng Chính Hãng,369.0,0,369.0,XSmart,XSmart,3.0,Điện tử,Bảo hành bởi nhà bán hàng thông qua Tiki,6.0,4.5,4.0,2,2,0,0,0,https://tka.tiki.vn/pixel/pixel?CLICK=&data=djAwMdp0MyNWieg76RhQGZyahltzN4ZDuRNEJS_rW4VjjZFNgbOhqpjMsyy5C6K9RMcTXk5y40Nz5jqejg6r3bqryLYII32trhYtc7sOEij1PVsDOZzckLWPYUK4Bqs9m-KIuUsCaJtXocVdl_sFOrHubAcPV_p_fFlqvt6LKYyFlnatOc7BUk7PxE4Nb8mD2J7A7xlxb30qOMxCC9YRPmdsZgl8_tEfEZypZ-qNOWd67zFqB5g8w05bpUztiloI6GFxlDtK2vETsRC4Bsm4L1EI1FSpXPcLm7kuf5j2r5tyht9OU86FQNnGFX0MFUPKajO4EI1fJlBCBKnwtyHfpDwEBIiALkZkRKuy3dwbhZ1nv2USohEPfljyCFVA3AKJDp9DhCQxfN82IGVYHUg6fASLAhvms03maLHErnAK54FnkHfDbi8dkvnQ_OIwarJH6PaW2lRi5wd5AeJSuOYv9dhPs42a08nAwlPzWMqtyYkiIqK5d5i1SWBbLZRm4DKhgdbLeyG9NpGVwnFWaz5GTDyJE-bxjxBaHtZDnLgtINfVQnciDxDI8Ie1Riyb0j0HEO54sqIDrVvMSH95Ctuc2Wc22_5myHK7GzUF_lJgsfPqU7kvtoCq4d5bI6P6I0DyJYPwsP5reT3etO70LBU2TNMS-aPmBDK2RPBUbV26e87xObjdA94wr1AKsSFE2uCVRnMcwCtyJXtPwegQoCiCCrNIRLQuTsJmX9ASP6yTD1IGT425LkPfdnV_OI_-Q-vSlsd-pR1mxP_CPwTDb-shZxr5VBKgvTpyVe0Uw951LkaqZjF0zyTIsYLfwjafh4khuIg-cgricjs-wyGhUCCfsuxjfLRzmJMmqZXB3SV0PdcbiXUs0FzRF9GkW23nd-OGptChiUe1Ap4BR3EIqaCnbLCI4pGupbVPyzwtBP7xKy7hr7RWrvvC0wq2VMT-asZHKJLSM8KQ6kTTa67RZ72NXxu3IK9SwNTpxF-4HdfT7ZDqeEIyI6-MexWUFfoMJaX4OLfRFsM&itm_campaign=SRC_YPD_TKA_PLA_UNK_ALL_UNK_UNK_UNK_UNK_X.80337_Y.715144_Z.1427786_CN.phim-chuot-gia-tri-cao-600d&itm_medium=CPC&itm_source=tiki-ads&reqid=F6Is70XiAa&pos=85&redirect=https%3A%2F%2Ftiki.vn%2Fbo-ban-phim-va-chuot-choi-game-co-10-che-do-led-khac-nhau-xsmart-t6rgb-super-pro-2021-tuong-thich-may-tinh-pc-laptop-hang-chinh-hang-p98082565.html%3Fspid%3D98082566
85,Chuột có dây Inphic PB20P click không tiếng động - Hàng nhập khẩu,55.0,0,55.0,Yes or No,Inphic,3.0,Hóa đơn,Bảo hành bởi nhà bán hàng thông qua Tiki,25.0,5.0,8.0,8,0,0,0,0,https://tiki.vn/chuot-co-day-inphic-pb20p-click-khong-tieng-dong-hang-nhap-khau-p121238757.html?spid=121238758
86,Chuột Fuhlen L102 Optical Black USB - Hàng Chính Hãng,123.0,0,123.0,Extreme Zero Online,Fuhle,24.0,Tem bảo hành,Bảo hành chính hãng,103.0,4.8,24.0,20,4,0,0,0,https://tiki.vn/chuot-fuhlen-l102-optical-black-usb-hang-chinh-hang-p20918056.html?spid=92082155
87,Chuột quang có dây Rapoo N120 - Hàng Chính Hãng,62.0,0,62.0,Vi Tính Lê Huy,Rapoo,12.0,Tem bảo hành,Bảo hành chính hãng,62.0,4.9,10.0,9,1,0,0,0,https://tiki.vn/chuot-quang-co-day-rapoo-n120-hang-chinh-hang-p68821232.html?spid=70857912
88,Chuột không dây PROLiNK PMW5009- Hàng chính hãng,180.0,0.19,146.0,Prolink Official Store,Prolink,12.0,Tem bảo hành,Bảo hành chính hãng,36.0,4.7,15.0,11,4,0,0,0,https://tka.tiki.vn/pixel/pixel?CLICK=&data=djAwMai5u45w8BPnCOnUD4KAgDORhRbhHyNlCPyiq71_AVOkVxAF4R_OtLGAQ5Y4z_PO_AmlT4F-Baz0qPDHJApRxQHZKNAACd70FgxgF80rCqatvPsOm519HyeG1WzghVw2wurzDX07a2v4C3I6vjgazx_GHYAuepQsdEJ7O90PYPTRltmMNQiEal2Rm6eQkOdlVnjM2iyqjCBDGIJXVji_DQxI8ofYAzBihJk3rf1b09R3y-SqFvyBarLyfLJ5HZzIG4Zrmae0vrCPE0oX_bI5CFhJIP5t3ECSSe_8nuZ-QNNgd64oo0eUQUSbcTykf1bmV4lpGjqYIY6qzIfuaVvibiBc4olFXr8ASmEmB7JbiDJTMHpUTSQKPZF1p4j_rn44jR6nBSwpEWc9TJbCfUMfMS7CEH2SCOJTvjQMH6cv3TNueM26LqX7Eg2KDM8UQot2uUGUBJkP2Q-P1H9caPTLxbOQJ2hNo18k8T8_xXVNRIhtnBHATXGFVLQPnMlaqP0HvShT3cSIlK3a32qQ1B40SCutYi8XjmALf20JVmvQFW8MVI7ZDGP_Q11mZQoSh4O9PgNklyfpAVGeVwt4OKEgYD9ricbuqfG3GXiVjV74yAXJHFRA-b0YsVh1mvehwBb7owfN5NHC8hvidPraratAAWDy0jENbtXP0QU9CujXAr6MpDr03DFhPS4HduURBg3ktDo32nPprkL7JXQEaNn-IrdV92JjK3A9r2JLUcNqcsLyYkGmPnapi_fIlt70C3IRTBGAv7_wonxDaeWgfv_CcgE7PTsp_iul_PFqjOyYMqzwTFlZ405tKO0XUo26PuuPOFvpvdBk6BDLk4Azg5CvdVClYPijhQYO3wmJfJzPqhq60tMJUpZ4kp9MahvJ6GUdM3WQ9Ne_W0ilRD8Xmm0Rw4c2mIhSJjHFIsem9wgNVG0WPReMNIxngIcDwGvkUnoXOoziTDwkr8mFuMZi1S5w9ie7yNxaJkMc-W1cv1EpNC3ZJH74R0QA-gGhWvqDuSyaYvhGJqBHjOfv63p4lPGQuiG9JUZHrq3nADR6wg&itm_campaign=SRC_YPD_TKA_PLA_UNK_ALL_UNK_UNK_UNK_UNK_X.73554_Y.646567_Z.1470422_CN.T9_Chuot&itm_medium=CPC&itm_source=tiki-ads&reqid=F6Is70XiAa&pos=89&redirect=https%3A%2F%2Ftiki.vn%2Fchuot-khong-day-prolink-pmw5009-hang-chinh-hang-p72308460.html%3Fspid%3D72308466
89,Chuột Có Dây Genius DX-110 cổng USB (Màu Đen) - Hàng Nhập Khẩu,69.0,0,69.0,Non,Genius,0.0,0,0,0.0,4.5,2.0,1,1,0,0,0,https://tiki.vn/chuot-co-day-genius-dx-110-cong-usb-mau-den-hang-nhap-khau-p25739052.html?spid=138564118
90,"Chuột Văn Phòng, Chuột Game Có Dây A867 HXSJ - Hàng chính hãng",289.0,0.23,222.0,HXSJ Official Store,HXSJ,12.0,Hóa đơn,Bảo hành bởi nhà bán hàng thông qua Tiki,245.0,4.7,93.0,72,15,3,1,2,https://tiki.vn/chuot-van-phong-chuot-game-co-day-a867-hxsj-hang-chinh-hang-p56445715.html?spid=56445716
91,Chuột có dây Fuhlen X102S - Hàng chính hãng,219.0,0,219.0,Extreme Zero Online,Fuhle,24.0,Tem bảo hành,Bảo hành chính hãng,139.0,4.8,51.0,44,6,1,0,0,https://tiki.vn/chuot-co-day-fuhlen-x102s-hang-chinh-hang-p15446219.html?spid=82918659
92,Chuột Máy Tính Không Dây PROLiNK PMW5009 Wireless Mouse - Hàng Chính Hãng,159.0,0.05,151.05,Prolink Official Store,Prolink,12.0,Tem bảo hành,Bảo hành chính hãng,0.0,0.0,0,0,0,0,0,0,https://tka.tiki.vn/pixel/pixel?CLICK=&data=djAwMQvKac2uiMWrdUX7dhtRlPZlrGXx5VnMrl0V3jj8ChA1PVNYa2oq4faM3q8r_X5zQKcFXUBEsFONFNzWmu9e2x4EriA3_wdMSUXn7VpR3EKyZeKzvaKYai_gILyd6WClqy1XSUfhhnHCEPwf7wBFfqzXvMv_G_SMUNwcojD6G3dF-ds-LpmowXAJHE6YMwhp7IlHSBB6arDPhI890nkinhBGxbvs0hdmOSqqyMrlkoEXU7yvwuKtTAuM5lqFsGsXeR1pawwdo2RgLDINgka7uBjN6dSMSXYPl_g3fQXZSrEe0gna4LWYmffBvp_Gp359ZwAPaq4nOZjt-IZHRYCd9jqUHGL5tczlJfoxBoiUG2ozWqJI2jxVf8fwpO1Rg6v9mdVCHKmS9l6t4oznJOSNZy-lcSb9LPzV0GKnNCXfHndqEW86KGuk4gKjXg6cpUCPpq5OEvohuO5aBO4uDl7Dbj4ExnHK4yzCLj8T0ug9vSgSPu1UBqYgeBlHWyo8blw1QtYv-0qKnxRfuUDBCbT0N5Z8mnTHLrslsN5MK7ZhSFqC1tk6gvgz9V62Mbal6gslD1WLBE3us3Uz4GVwsagJiBryxrxrzmpgmyVAaKfb-TI3YMouo1RBMjaS-k408afogbmODGzRoN41g_I4dqKz-kEiGvJYuMiecbz0zAfWHNQ8rQ1dZLNpVGYhPtKbo7UpxqRmM_IvtKKGJoFpV8VXXXC28UGYqDZOezqB5cHn-vYDjVsP509G-qwwNk0feT-lARmISKvdhnU-EKshuNTrDQvKoS8TWSzeWSw_8WfII3MGwDt-Y4yqoAzIZFAwHdqqrdiVDCeIXCr0nk0kBGKlVBNLxhebKBR_TBFpiXb7Y8F7_S_2ZlqEUI1uOynvKs10Hiu_1lnVAmDMbnTu6X2rWo3kRCYnM6KJW8BdhYSjZoRqcAumFwtTWVJIL4w2xRPkuOj1hh5ogdGlpw272JrzMPZ9RHv8J6FtvNl55LhIkezbNGq-Ti0fcqMd7MiAMmP4bQ5FUh8_8c-ChUGsBDytnY-KtGw&itm_campaign=SRC_YPD_TKA_PLA_UNK_ALL_UNK_UNK_UNK_UNK_X.73554_Y.646567_Z.1529357_CN.T9_Chuot&itm_medium=CPC&itm_source=tiki-ads&reqid=F6Is70XiAa&pos=93&redirect=https%3A%2F%2Ftiki.vn%2Fchuot-may-tinh-khong-day-prolink-pmw5009-wireless-mouse-hang-chinh-hang-p138223136.html%3Fspid%3D138223138
93,Chuột Có Dây Newmen M180 - Hàng Chính Hãng,77.0,0,77.0,Máy tính Lanh Dung,Newme,0.0,0,0,191.0,4.7,39.0,29,8,1,1,0,https://tiki.vn/chuot-co-day-newmen-m180-hang-chinh-hang-p373571.html?spid=48255378
94,Chuột có dây LOGITECH M105 - Hàng Chính Hãng,129.0,0,129.0,IT CHÍNH HÃNG (HCM),Logitec,0.0,0,0,124.0,4.8,27.0,23,2,2,0,0,https://tiki.vn/chuot-co-day-logitech-m105-hang-chinh-hang-p8159498.html?spid=8159502
95,Chuột quang K1 có dây USB LED đổi màu,64.0,0.06,60.0,,OEM,0.0,0,0,63.0,4.7,22.0,18,3,0,0,1,https://tiki.vn/chuot-quang-k1-co-day-usb-led-doi-mau-p22080887.html?spid=52507055
96,"Chuột Game Có Dây XSmart FREE WOLF V5 LED 7 màu cực đẹp chuyên gaming, siêu bền, chỉnh được dpi - Hàng Chính Hãng",149.0,0,149.0,XSmart,XSmart,3.0,Điện tử,Bảo hành bởi nhà bán hàng thông qua Tiki,163.0,4.6,72.0,55,11,2,1,3,https://tka.tiki.vn/pixel/pixel?CLICK=&data=djAwMY7mLzOVAa1nKYyPby2bO1PzIq-YoFOZjd9LBF9P4KZwvBrxeLEBOKHkWrtsVyi2_bxF-go7iueGczGx8bw_ycxC4wioJ4QRcwTNZ_Ugpl6QxToJXg2qtRbyrYmwoXeo2H9mhWOovy6bWQSGSL7_EyL8CLhUs6Uy4Z69TQbU-gaYOxtAmSSNRjgJRbrZ_cqs5JP8OekjF1V4tAxv3DF6RQgDle_-0tK2fu2ZnQDu5zykJN4I6ng3YDC9ariyVzEJu5z-pvrQ1bh9bTSiP3osd6nnGtVTbSVAUDUkAOO_gWeRrnSPUWfIpyx6xHjklCZHyXrLk_bS-XktDfwJOmfMWEAdBgYxbDjiUMpEHNZYifS4Atbz3b2hiwXfQDx5MUWl_wUfF6SZ33I3Y1CLNECbVX2-wEoOxAIsU2vvWwA1eTGacHXMK-CqZHo1EyO6BQ1cTCUIUxSQJ_Hejs8N7hu3JVAuqovbH1CNRvPVYA0D4aGc6X4CDHy2a4ygvQ4OQEIP5V37XO4FGuiJ-91k-Wo3OgD3jYO-UzBkWf0BiLJTTyryjhS-Ai70_cUDjW4Y_Rk0Prp6iP1WL2tTVqvcciFpyyRDJTfDgaseYRWLXRLgj1sERkbm9lJeAK7XCXeizXQowXvHY3Zm2LRAJU66jwyM5Fpddq0zp_rafYBSexAMQVzNoPaLiU5Ivn2FF-5RGqDk1GPByld29UBV6rgXoLlFAfIBAvBTmCywCRuoEsRFBoEP2IM3uu_Nh-gzDckSI2IapX3_02NXXlsYBnL05PpSy40zX2gN9A8PnsKV4E0nszr5n7oqUSXRgnBhVk6glPfuyY1NEUh1H1frwNIov0gRAnQv7A4gUyxu7zPN1a3GS-DEX7DFSrCLlq6fuaRQmxSuvkAPnqquCuOcTwsIKBIqFjAGSTte8TBu8d-1aOvtAOkj8NBJ2HdhwDVz2si4CvURmC6mneIEE4nrdjKC_IBvtmlFwWumI-3NN0B_FQ-9-37ZMH566w8DpoyHByDNRecmmIiryeqJoDmopx6lToJzJmQ0yg&itm_campaign=SRC_YPD_TKA_PLA_UNK_ALL_UNK_UNK_UNK_UNK_X.74407_Y.657997_Z.1343745_CN.400d-new&itm_medium=CPC&itm_source=tiki-ads&reqid=F6Is70XiAa&pos=97&redirect=https%3A%2F%2Ftiki.vn%2Fchuot-game-co-day-xsmart-free-wolf-v5-led-7-mau-cuc-dep-chuyen-gaming-sieu-ben-chinh-duoc-dpi-hang-chinh-hang-p96466997.html%3Fspid%3D96467002
97,Chuột Quang MACRO HXJS J900 RGB Bề Mặt Lưới Xuyên Thấu Cực Đẹp DPI 6400 - Hàng chính hãng,249.0,0.07,232.0,HXSJ Official Store,HXSJ,6.0,Hóa đơn,Bảo hành bởi nhà bán hàng thông qua Tiki,126.0,4.6,42.0,34,4,1,1,2,https://tiki.vn/chuot-quang-macro-hxjs-j900-rgb-be-mat-luoi-xuyen-thau-cuc-dep-dpi-6400-hang-chinh-hang-p56879851.html?spid=56879852
98,Chuột có dây ELECOM M-K6UR cho dân văn phòng hàng chính hãng,149.0,0.43,85.0,ELECOM store,Elecom,0.0,0,0,0.0,0.0,0,0,0,0,0,0,https://tiki.vn/chuot-co-day-elecom-m-k6ur-cho-dan-van-phong-bao-hanh-12-thang-p117444268.html?spid=117444272
99,Chuột văn phòng có dây B100,98.0,0,98.0,NGUYENVUSTORE,OEM,12.0,Điện tử,Bảo hành bởi nhà bán hàng thông qua Tiki,206.0,4.8,16.0,13,3,0,0,0,https://tiki.vn/chuot-van-phong-co-day-b100-p29452939.html?spid=52328562
100,Chuột Có Dây Genius DX-120 - Hàng Chính Hãng,75.0,0,75.0,Siêu Thị Điện Máy Từ Sơn,Genius,12.0,Tem bảo hành,Bảo hành bởi nhà bán hàng thông qua Tiki,0.0,0.0,0,0,0,0,0,0,https://tiki.vn/chuo-t-co-day-genius-dx-120-hang-chinh-hang-p310917.html?spid=135217196
101,Chuột có dây PROLiNK PMC1005 GBR 1200dpi/3-button- Hàng chính hãng,120.0,0.26,89.0,,Prolink,6.0,Tem bảo hành,Bảo hành chính hãng,39.0,4.6,10.0,7,2,1,0,0,https://tiki.vn/chuot-co-day-prolink-pmc1005-gbr-1200dpi-3-button-hang-chinh-hang-p72309016.html?spid=72309020
102,Chuột có dây ZADEZ ZM-121 - Hàng Chính Hãng,100.0,0,100.0,ZADEZ Official Store,Zadez,12.0,Hóa đơn,Bảo hành chính hãng,21.0,4.9,7.0,6,1,0,0,0,https://tiki.vn/chuot-co-day-zadez-zm-121-hang-chinh-hang-p74539784.html?spid=74539785
103,Chuột Có Dây A4Tech N-70FX-1 - Hàng Chính Hãng,179.0,0,179.0,Nova Computer,A4Tec,12.0,Tem bảo hành,Bảo hành chính hãng,135.0,4.7,16.0,11,5,0,0,0,https://tiki.vn/chuot-co-day-a4tech-n-70fx-1-hang-chinh-hang-p479091.html?spid=2447941
104,Chuột Có Dây Rapoo N200 Đen - Hàng chính hãng,100.0,0,100.0,Thế Giới Di Động Official,Rapoo,12.0,Điện tử,Bảo hành chính hãng,0.0,0.0,0,0,0,0,0,0,https://tiki.vn/chuot-co-day-rapoo-n200-den-hang-chinh-hang-p125417226.html?spid=125417227
105,Chuột Mitsumi 6703 USB (Đen) - Hàng Chính Hãng,106.0,0,106.0,TIN HỌC THÀNH NHÂN,Mitsum,12.0,0,0,103.0,4.8,13.0,11,1,1,0,0,https://tiki.vn/chuot-mitsumi-6703-usb-den-hang-chinh-hang-p637047.html?spid=14044953
106,chuột có dây ngộ nghĩnh,1200.0,0.88,149.0,Công Nghệ Việt Anh,OEM,6.0,Tem bảo hành,Bảo hành bởi nhà bán hàng thông qua Tiki,23.0,4.3,7.0,4,1,2,0,0,https://tiki.vn/chuot-co-day-ngo-nghinh-p51137249.html?spid=51137253
107,Chuột X9 Led 7 Màu Chuyên Game độ phân giải lên đến 4000 dpi - HÀNG NHẬP KHẨU,109.999,0,109.999,HOÀNG NHÂN COMPUTER,GENERAL,6.0,0,0,2.0,1.0,1.0,0,0,0,0,1,https://tiki.vn/chuot-x9-led-7-mau-chuyen-game-do-phan-giai-len-den-4000-dpi-hang-nhap-khau-p23035751.html?spid=23035753
108,Chuột Có Dây A4Tech N-360 - Hàng Chính Hãng,190.0,0.34,125.0,Bảo Hân Treasures,A4Tec,12.0,Tem bảo hành,Bảo hành chính hãng,22.0,4.0,2.0,1,0,1,0,0,https://tiki.vn/chuot-co-day-a4tech-n-360-hang-chinh-hang-p191363.html?spid=25409752
109,Chuột có dây PROLiNK PMC1005 TFN 1200dpi/3-button- Hàng chính hãng,120.0,0.26,89.0,,Prolink,12.0,Tem bảo hành,Bảo hành chính hãng,26.0,4.6,11.0,7,4,0,0,0,https://tiki.vn/chuot-co-day-prolink-pmc1005-tfn-1200dpi-3-button-hang-chinh-hang-p72308205.html?spid=72308206
110,Chuột Có Dây Logitech M100R - Hàng Chính Hãng,139.0,0,139.0,Nova Computer,Logitec,36.0,Tem bảo hành,Bảo hành chính hãng,453.0,4.2,24.0,13,6,2,2,1,https://tiki.vn/chuot-co-day-logitech-m100r-hang-chinh-hang-p370998.html?spid=1094546
111,Chuột quang có dây Fortech M132 - Hàng chính hãng,89.0,0,89.0,Tadavietnam,Fortec,12.0,0,0,124.0,4.7,25.0,21,3,0,0,1,https://tiki.vn/chuot-quang-co-day-fortech-m132-hang-chinh-hang-p34455415.html?spid=34455424
112,Chuột có dây Forter 3900P LED 1500 DPI - Hàng Chính Hãng,199.0,0,199.0,HOÀNG NHÂN COMPUTER,Forter,0.0,0,0,69.0,4.7,23.0,19,3,0,0,1,https://tiki.vn/chuot-co-day-forter-3900p-led-1500-dpi-hang-chinh-hang-p8469890.html?spid=55394520
113,Chuột có dây LOGITECH B100 - Hàng chính hãng,59.0,0,59.0,Hưng Thịnh HN,Logitec,12.0,Tem bảo hành,Bảo hành bởi nhà bán hàng thông qua Tiki,56.0,5.0,2.0,2,0,0,0,0,https://tiki.vn/chuot-co-day-logitech-b100-hang-chinh-hang-p118722616.html?spid=118722677
114,Chuột có dây PROLiNK PMC1005 BGLD cảm biến quang học 1000DPI- Hàng chính hãng,120.0,0.28,86.0,Prolink Official Store,Prolink,12.0,Tem bảo hành,Bảo hành chính hãng,23.0,3.5,4.0,1,2,0,0,1,https://tiki.vn/chuot-co-day-prolink-pmc1005-bgld-cam-bien-quang-hoc-1000dpi-hang-chinh-hang-p72307294.html?spid=72307296
115,Chuột có dây Rapoo N100 - Đen - Hàng Chính Hãng,79.0,0,79.0,Thế Giới Di Động Official,Rapoo,12.0,Điện tử,Bảo hành chính hãng,0.0,0.0,0,0,0,0,0,0,https://tiki.vn/chuot-co-day-rapoo-n100-den-hang-chinh-hang-p5473575.html?spid=121261458
116,Chuột LDK.ai D1,50.0,0.4,30.0,,LDK.a,0.0,0,0,37.0,3.8,9.0,4,1,3,0,1,https://tiki.vn/chuot-ldk-ai-d1-p1081650.html?spid=66611738
117,Chuột không dây PIXLINK M100 chống ồn DPI 1600 - Hàng chính hãng,199.0,0.05,189.05,PixLink Technology,PIX-LINK,6.0,Hóa đơn,Bảo hành bởi nhà bán hàng thông qua Tiki,15.0,5.0,4.0,4,0,0,0,0,https://tiki.vn/chuot-khong-day-pixlink-m100-chong-on-dpi-1600-hang-chinh-hang-p116191285.html?spid=116191289
118,Chuột Có Dây Genius DX-110 USB - Hàng Chính Hãng,89.0,0,89.0,Minh Chau Computer,Genius,12.0,0,0,0.0,4.2,10.0,6,2,1,0,1,https://tiki.vn/chuot-co-day-genius-dx-110-usb-hang-chinh-hang-p162906.html?spid=24864052
119,Bộ chuột có dây và miếng lót kitty,90.0,0,90.0,CỬA HÀNG TB VIỄN THÔNG,OEM,0.0,0,0,4.0,5.0,1.0,1,0,0,0,0,https://tiki.vn/bo-chuot-co-day-va-mieng-lot-kitty-p106887670.html?spid=106887676
120,Chuột Phát Quang Chơi Game 6 Nút 4 Tốc Độ 7 Màu Phát Sáng Tiện Dụng- Hàng Chính Hãng,229.0,0,229.0,SORADO,USLION,6.0,Hóa đơn,Bảo hành bởi nhà bán hàng thông qua Tiki,18.0,4.1,8.0,6,0,0,1,1,https://tiki.vn/chuot-phat-quang-choi-game-6-nut-4-toc-do-7-mau-phat-sang-tien-dung-hang-chinh-hang-p76497400.html?spid=76497404
121,CHUỘT MITSUMI 6603 HÀNG CHÍNH HÃNG,180.0,0,180.0,MÁY TÍNH BẢO AN,Mitsum,12.0,Tem bảo hành,Bảo hành bởi nhà bán hàng thông qua Tiki,0.0,0.0,0,0,0,0,0,0,https://tiki.vn/chuot-mitsumi-6603-hang-chinh-hang-p109278725.html?spid=109278726
122,Chuột Có Dây Fuhlen L102 1000DPI - Hàng Nhập Khẩu,90.0,0,90.0,Shop TT,Fuhle,6.0,Tem bảo hành,Bảo hành bởi nhà bán hàng thông qua Tiki,5.0,5.0,1.0,1,0,0,0,0,https://tiki.vn/chuot-co-day-fuhlen-l102-1000dpi-hang-nhap-khau-p5913881.html?spid=31026230
123,Chuột BlueLED Elecom M-Y9UB - Hàng chính hãng,249.0,0,249.0,Happystores,Elecom,0.0,0,0,17.0,4.6,5.0,3,2,0,0,0,https://tiki.vn/chuot-blueled-elecom-m-y9ub-hang-chinh-hang-p20065095.html?spid=20065106
124,Chuột Quang USB B100 Hàng Chính Hãng,77.0,0,77.0,GiaPhucStore,Logitec,12.0,Hóa đơn,Bảo hành chính hãng,0.0,0.0,0,0,0,0,0,0,https://tiki.vn/chuot-vi-tinh-logitech-b100-hang-chinh-hang-p120452960.html?spid=120452970
125,"Chuột có dây Prolink PMC2002 - Thiết kế Ambidextrous (đối xứng) phù hợp với người thuận tay trái lẫn tay phải, dùng cho Laptop, Notebook, PC và Mac - Hàng chính hãng",120.0,0.28,86.0,Prolink Official Store,Prolink,12.0,Tem bảo hành,Bảo hành chính hãng,7.0,4.7,3.0,2,1,0,0,0,https://tiki.vn/chuot-co-day-prolink-pmc2002-thiet-ke-ambidextrous-doi-xung-phu-hop-voi-nguoi-thuan-tay-trai-lan-tay-phai-dung-cho-laptop-notebook-pc-va-mac-hang-chinh-hang-p104540669.html?spid=104540671
126,Chuột BlueLED ELECOM M-Y8UB - Hàng Chính Hãng,199.0,0,199.0,Happystores,Elecom,0.0,0,0,46.0,5.0,7.0,7,0,0,0,0,https://tiki.vn/chuot-blueled-elecom-m-y8ub-hang-chinh-hang-p8128152.html?spid=8323642
127,Chuột Có Dây Genius (DX120 / DX110) cổng USB - Hàng Chính Hãng,80.5,0,80.5,KoyShop,Genius,12.0,Tem bảo hành,Bảo hành bởi nhà bán hàng thông qua Tiki,14.0,4.8,4.0,3,1,0,0,0,https://tiki.vn/chuot-co-day-genius-dx120-dx110-cong-usb-hang-chinh-hang-p22437996.html?spid=57397755
128,Chuột game có dây B100 - Hàng nhập khẩu,69.0,0,69.0,NGUYENVUSTORE,OEM,6.0,Tem bảo hành,Bảo hành bởi nhà bán hàng thông qua Tiki,16.0,4.5,2.0,1,1,0,0,0,https://tiki.vn/chuot-game-co-day-b100-hang-nhap-khau-p19850301.html?spid=43980034
129,Chuột có dây gấu trúc,158.5,0,158.5,Công Nghệ Việt Anh,OEM,6.0,Tem bảo hành,Bảo hành bởi nhà bán hàng thông qua Tiki,4.0,5.0,1.0,1,0,0,0,0,https://tiki.vn/chuot-co-day-gau-truc-p51343953.html?spid=55854116
130,Chuột Có Dây A4Tech FM10 - Hàng Chính Hãng,129.99,0,129.99,HACHI STORE,A4Tec,12.0,Tem bảo hành,Bảo hành chính hãng,13.0,5.0,5.0,5,0,0,0,0,https://tiki.vn/chuot-co-day-a4tech-fm10-hang-chinh-hang-p25770230.html?spid=38877165
131,Chuột có dây Fuhlen L102 hàng chính hãng,125.0,0,125.0,Máy Tính Bảo Minh,Fuhle,24.0,Tem bảo hành,Bảo hành chính hãng,0.0,0.0,0,0,0,0,0,0,https://tiki.vn/chuot-co-day-fuhlen-l102-hang-chinh-hang-p105782009.html?spid=114856653
132,Chuột Game K2 Đèn led 7 màu đổi màu liên tục hot 2019,72.0,0,72.0,HOÀNG NHÂN COMPUTER,OEM,0.0,0,0,0.0,0.0,0,0,0,0,0,0,https://tiki.vn/chuot-game-k2-den-led-7-mau-doi-mau-lien-tuc-hot-2019-p96099672.html?spid=96099718
133,Chuột Có Dây Vision G8 – Hàng Chính Hãng,85.0,0,85.0,Shop vi tính và camera hành trinh,VSP,0.0,0,0,0.0,0.0,0,0,0,0,0,0,https://tiki.vn/chuot-co-day-vision-g8-hang-chinh-hang-p10401660.html?spid=135727975
134,Chuột quang có dây SingPC MS-196- Hàng chính hãng,87.0,0,87.0,SingPC Official Store,SINGPC,12.0,Tem bảo hành,Bảo hành chính hãng,3.0,5.0,2.0,2,0,0,0,0,https://tiki.vn/chuot-quang-co-day-singpc-ms-196-hang-chinh-hang-p127551343.html?spid=127551344
135,Chuột văn phòng có dây LIMEIDE V2 Led 7 Màu - Hàng chính hãng,99.0,0.18,80.9,HOÀNG NHÂN COMPUTER,Limeide,0.0,0,0,25.0,4.6,12.0,10,1,0,0,1,https://tiki.vn/chuot-van-phong-co-day-limeide-v2-led-7-mau-hang-chinh-hang-p26349211.html?spid=45376630
136,Chuột có dây Ergonomic Microsoft - Hàng chính hãng,1580.0,0.06,1489.9,Tiki Trading,Microsoft,12.0,Điện tử,Bảo hành bởi nhà bán hàng thông qua Tiki,3.0,3.0,1.0,0,0,1,0,0,https://tiki.vn/chuot-co-day-ergonomic-microsoft-hang-chinh-hang-p68720250.html?spid=68720252
137,Chuột Văn Phòng Có Dây Fuhlen L102- Hàng Chính Hãng (Tặng Cáp OTG),125.0,0,125.0,THẠCH GIA,Fuhle,0.0,0,0,17.0,4.8,5.0,4,1,0,0,0,https://tiki.vn/chuot-van-phong-co-day-fuhlen-l102-hang-chinh-hang-tang-cap-otg-p24881995.html?spid=24881996
138,Chuột Fuhlen G90 Led RGB-hàng chính hãng,416.0,0,416.0,Điện Máy AZ,Fuhle,0.0,0,0,0.0,0.0,0,0,0,0,0,0,https://tiki.vn/chuot-fuhlen-g90-led-rgb-hang-chinh-hang-p96867733.html?spid=96867737
139,Chuột văn phòng có dây,149.0,0,149.0,Gia dụng uy tín,OEM,0.0,0,0,0.0,0.0,0,0,0,0,0,0,https://tiki.vn/chuot-van-phong-co-day-p99953077.html?spid=126768150
140,CHUỘT CÓ DÂY BLUELED ELECOM M-Y9UB HÀNG CHÍNH HÃNG - BẢO HÀNH 12 THÁNG,249.0,0.36,159.0,ELECOM store,Elecom,12.0,Phiếu bảo hành,Bảo hành chính hãng,0.0,0.0,0,0,0,0,0,0,https://tiki.vn/chuot-co-day-blueled-elecom-m-y9ub-hang-chinh-hang-bao-hanh-12-thang-p117173065.html?spid=117173073
141,"Chuột có dây Prolink PMC1006. Độ Nhạy Tốt, Dây 1.5m, Thiết Kế Nhiều Loại Hoa Văn - Hàng chính hãng",110.0,0,110.0,Phụ Kiện Số Hoá,Prolink,12.0,Hóa đơn,Bảo hành chính hãng,0.0,0.0,0,0,0,0,0,0,https://tiki.vn/chuot-quang-co-day-prolink-pmc1006-hang-chinh-hang-p48467581.html?spid=48516140
142,"Chuột Có Dây Prolink PMC1005. Độ Nhạy Tốt, Dây 1.5m, Thiết Kế Nhiều Loại Hoa Văn - Hàng Chính Hãng",99.0,0,99.0,Phụ Kiện Số Hoá,Prolink,12.0,Hóa đơn,Bảo hành chính hãng,18.0,5.0,2.0,2,0,0,0,0,https://tiki.vn/chuot-quang-co-day-prolink-pmc1005-hang-chinh-hang-p48516578.html?spid=48516580
143,Chuột có dây văn phòng Mofii L38S - Hàng chính hãng,79.0,0.38,49.0,NinzaHCM,Mof,12.0,Tem bảo hành,Bảo hành chính hãng,4.0,4.0,1.0,0,1,0,0,0,https://tiki.vn/chuot-co-day-van-phong-mofii-l38s-hang-chinh-hang-p51975969.html?spid=51975971
144,Chuột Có Dây M.100R,109.0,0.05,103.55,Lingha Fashion,OEM,3.0,Tem bảo hành,Bảo hành bởi nhà bán hàng thông qua Tiki,6.0,3.0,2.0,1,0,0,0,1,https://tiki.vn/chuot-co-day-m-100r-p113576546.html?spid=113576548
145,"Chuột Không Dây Kiểu Đứng, Chống Mỏi Tay 2400DPI",179.0,0,179.0,Hùng Dũng 68,OEM,0.0,0,0,13.0,4.4,5.0,2,3,0,0,0,https://tiki.vn/chuot-khong-day-kieu-dung-chong-moi-tay-2400dpi-p87012550.html?spid=87012551
146,Chuột Văn Phòng ROBOT M120 - Độ phân giải 1000 DPI - Hàng chính hãng,99.0,0.31,68.0,Wook Store,Robot,12.0,Điện tử,Bảo hành chính hãng,3.0,5.0,2.0,2,0,0,0,0,https://tiki.vn/chuot-van-phong-robot-m120-do-phan-giai-1000-dpi-hang-chinh-hang-p117974558.html?spid=117974559
147,Chuột có dây Nhật Bản Blue Led Dễ thương ELECOM M-Y8UB - Hàng chính hãng,199.0,0.17,165.0,,Elecom,12.0,Phiếu bảo hành,Bảo hành chính hãng,0.0,0.0,0,0,0,0,0,0,https://tiki.vn/chuot-co-day-nhat-ban-blue-led-de-thuong-elecom-m-y8ub-hang-chinh-hang-p116969377.html?spid=116969381
148,Chuột Gaming - Văn Phòng E-Dra EM660 Lite - Hàng Chính Hãng,299.0,0,299.0,Edra Shop,E-DRA,24.0,Tem bảo hành,Bảo hành chính hãng,0.0,0.0,0,0,0,0,0,0,https://tiki.vn/chuot-gaming-van-phong-e-dra-em660-lite-hang-chinh-hang-p113331124.html?spid=113331128
149,Chuột Akko AG325 Pink - Hàng Nhập Khẩu,499.0,0,499.0,Phụ Kiện Remy,AKKO,12.0,Điện tử,Bảo hành chính hãng,0.0,0.0,0,0,0,0,0,0,https://tiki.vn/chuot-akko-ag325-pink-hang-nhap-khau-p42715225.html?spid=130961622
150,Chuột Quang Có Dây Ms111,35.0,0,35.0,MuaOnlineShop,OEM,0.0,0,0,0.0,0.0,0,0,0,0,0,0,https://tiki.vn/chuot-quang-co-day-ms111-p124275132.html?spid=124275135
151,Chuột văn phòng E-DRA EM601 - Hàng chính hãng,99.0,0,99.0,Extreme Zero Online,E-DRA,12.0,Tem bảo hành,Bảo hành chính hãng,0.0,0.0,0,0,0,0,0,0,https://tiki.vn/chuot-van-phong-e-dra-em601-hang-chinh-hang-p68122644.html?spid=68122645
152,Chuột quang có dây USB (tặng kèm lót )- Hàng nhập khẩu,83.5,0,83.5,Công Nghệ Việt Anh,OEM,6.0,Tem bảo hành,Bảo hành bởi nhà bán hàng thông qua Tiki,3.0,2.0,2.0,0,0,1,0,1,https://tiki.vn/chuot-quang-co-day-usb-tang-kem-lot-hang-nhap-khau-p52317583.html?spid=55854176
153,CHUỘT B100 MÀU ĐEN,91.999,0,91.999,LONG VIỆT Store,OEM,0.0,0,0,0.0,0.0,0,0,0,0,0,0,https://tiki.vn/chuot-b100-mau-den-p99232849.html?spid=111509872
154,Chuột quang không dây FTV181,75.0,0.37,46.995,HOÀNG NHÂN COMPUTER,OEM,1.0,Tem bảo hành,Bảo hành bởi nhà bán hàng thông qua Tiki,2.0,5.0,1.0,1,0,0,0,0,https://tiki.vn/chuot-quang-khong-day-ftv181-p20634124.html?spid=73812372
155,Chuột Quang Có Dây A4Tech 720U Cổng Usb Màu Đen,69.0,0,69.0,Thiên Thảo Computer,A4Tec,12.0,Tem bảo hành,Bảo hành bởi nhà bán hàng thông qua Tiki,0.0,0.0,0,0,0,0,0,0,https://tiki.vn/chuot-quang-co-day-a4tech-720u-cong-usb-mau-den-p116893295.html?spid=116893301
156,Chuột có dây BlueLED Elecom M-XG4UB-G - Hàng chính hãng,499.0,0,499.0,Happystores,Elecom,12.0,0,0,0.0,0.0,0,0,0,0,0,0,https://tiki.vn/chuot-co-day-blueled-elecom-m-xg4ub-g-hang-chinh-hang-p9956283.html?spid=9956287
157,Chuột Targus U660 USB Optical Mouse - Màu Đen- Hãng chính hãng,149.0,0,149.0,Vstar Technology Store,argus,36.0,Hóa đơn,Bảo hành chính hãng,0.0,0.0,0,0,0,0,0,0,https://tiki.vn/chuot-targus-u660-usb-optical-mouse-mau-den-p123226643.html?spid=123226644
158,Chuột Có Dây Vision G8 - Hàng Nhập Khẩu,99.0,0.17,82.0,,VSP,0.0,0,0,6.0,5.0,1.0,1,0,0,0,0,https://tiki.vn/chuot-co-day-vision-g8-hang-nhap-khau-p23198050.html?spid=66568390
159,CHUỘT QUANG USB A4TECH 2X CLICK - HÀNG CHÍNH HÃNG,40.0,0,40.0,dientutienhungqn,A4Tec,0.0,0,0,0.0,0.0,0,0,0,0,0,0,https://tiki.vn/chuot-quang-usb-a4tech-2x-click-p126961155.html?spid=126961156
160,Chuột Có Dây Fuhlen L102 Pink (Màu Hồng) - Hàng Chính Hãng,139.0,0,139.0,Nguyễn Ninh Media,Fuhle,24.0,Tem bảo hành,Bảo hành bởi nhà bán hàng thông qua Tiki,4.0,5.0,1.0,1,0,0,0,0,https://tiki.vn/chuot-co-day-fuhlen-l102-pink-mau-hong-hang-chinh-hang-p109368497.html?spid=109368498
161,Chuột có dây mini Panda Mouse,109.999,0,109.999,Sáng Tạo 88,OEM,9.0,Tem bảo hành,Bảo hành bởi nhà bán hàng thông qua Tiki,10.0,3.0,1.0,0,0,1,0,0,https://tiki.vn/chuot-co-day-mini-panda-mouse-p31520425.html?spid=31520429
162,Chuột có dây Fuhlen L102 mẫu mới - Hàng chính hãng,119.0,0,119.0,Máy Tính Bảo Minh,Fuhle,24.0,Tem bảo hành,Bảo hành chính hãng,0.0,0.0,0,0,0,0,0,0,https://tiki.vn/chuot-co-day-fuhlen-l102-mau-moi-hang-chinh-hang-p105320342.html?spid=110111523
163,Chuột Có Dây Konig KM816 - Hàng Chính Hãng,99.0,0,99.0,FIUME,Ko,24.0,0,0,59.0,4.6,10.0,6,4,0,0,0,https://tiki.vn/chuot-co-day-konig-km816-hang-chinh-hang-p16927143.html?spid=17614384
164,Chuột có dây GENIUS 110X- Hàng Nhập Khẩu,180.0,0,180.0,Shop Đồ Chơi Công Nghệ,Genius,0.0,0,0,5.0,1.0,1.0,0,0,0,0,1,https://tiki.vn/chuot-co-day-genius-110x-hang-nhap-khau-p36236690.html?spid=49620655
165,Chuột Chơi Game LED Có Dây - K1,98.0,0,98.0,VI TÍNH NAM TRUNG HẢI,OEM,0.0,0,0,0.0,0.0,0,0,0,0,0,0,https://tiki.vn/chuot-choi-game-led-co-day-k1-p96127895.html?spid=107861214
166,Chuột Quang Có Dây A4Tech OP-620 1000 DPI - Hàng Chính Hãng,99.0,0,99.0,IT CHÍNH HÃNG (HCM),A4Tec,12.0,Hóa đơn,Bảo hành chính hãng,0.0,0.0,0,0,0,0,0,0,https://tiki.vn/chuot-quang-co-day-a4tech-op-620-1000-dpi-hang-chinh-hang-p50308492.html?spid=54006939
167,Chuột Bi có dây Elecom M-HT1URBK-Hàng chính hãng,2090.0,0,2090.0,Thành Nhân TNC,Elecom,12.0,Tem bảo hành,Bảo hành bởi nhà bán hàng thông qua Tiki,0.0,0.0,0,0,0,0,0,0,https://tiki.vn/chuot-bi-co-day-elecom-m-ht1urbk-p121242527.html?spid=121242533
168,Chuột Có Dây A4TECH OP-330 - Hàng Chính Hãng,79.99,0,79.99,HACHI STORE,A4Tec,12.0,Tem bảo hành,Bảo hành chính hãng,0.0,0.0,0,0,0,0,0,0,https://tiki.vn/chuot-co-day-a4tech-op-330-hang-chinh-hang-p104849809.html?spid=104849810
169,CHUỘT DÂY HÌNH CON RÙA CỔNG USB,50.0,0,50.0,Trọng Phú mobile,OEM,0.0,0,0,0.0,0.0,0,0,0,0,0,0,https://tiki.vn/chuot-day-hinh-con-rua-cong-usb-p108953094.html?spid=108953098
170,Chuột scan King Jim MSC20 quét tài liệu dễ dàng - HÀNG CHÍNH HÃNG,1149.0,0.55,520.0,vanphongpham365,King Jim,0.0,0,0,4.0,5.0,1.0,1,0,0,0,0,https://tiki.vn/chuot-scan-king-jim-msc20-quet-tai-lieu-de-dang-hang-chinh-hang-p22045854.html?spid=22045857
171,Chuột Fuhlen G90 Pro Led RGB - Hàng chính hãng,550.0,0,550.0,AChauComputer,Fuhle,24.0,Tem bảo hành,Bảo hành chính hãng,0.0,0.0,0,0,0,0,0,0,https://tiki.vn/chuot-fuhlen-g90-pro-led-rgb-hang-chinh-hang-p104070025.html?spid=104070026
172,Chuột có dây BlueLED 1600dpi ELECOM M-XG1UB Hàng Chính Hãng -,590.0,0.58,245.0,,Elecom,12.0,Phiếu bảo hành,Bảo hành chính hãng,0.0,0.0,0,0,0,0,0,0,https://tiki.vn/chuot-co-day-blueled-1600dpi-elecom-m-xg1ub-hang-chinh-hang-bao-hanh-12-thang-p116841452.html?spid=116841454
173,Chuột L102 Có Dây,106.0,0,106.0,Trung Oanh Computer,OEM,0.0,0,0,2.0,4.0,2.0,1,0,1,0,0,https://tiki.vn/chuot-l102-co-day-p19578674.html?spid=57821212
174,Chuột Bosston D609 - Màu ngẫu nhiên- Hàng chính hãng,62.4,0,62.4,AIG MediaTech,Bossto,0.0,0,0,0.0,0.0,0,0,0,0,0,0,https://tiki.vn/chuot-bosston-d609-mau-ngau-nhien-hang-chinh-hang-p33145176.html?spid=44768976
175,Chuột Có Dây E-Dra EM614 Led 7 Màu 4000 DPI - Hàng Chính Hãng,239.0,0,239.0,Extreme Zero Online,E-DRA,12.0,Tem bảo hành,Bảo hành chính hãng,3.0,4.0,1.0,0,1,0,0,0,https://tiki.vn/chuot-co-day-e-dra-em614-led-7-mau-4000-dpi-hang-chinh-hang-p47005717.html?spid=70115328
176,Chuột Zadez M116 - Hàng Chính Hãng,89.0,0,89.0,Phuc Thinh TTC,Zadez,0.0,0,0,0.0,0.0,0,0,0,0,0,0,https://tiki.vn/chuot-zadez-m116-hang-chinh-hang-p25433101.html?spid=32900587
177,Tặng bàn di chuột cao cấp - Chuột chơi game K059 phù hợp với mọi game thủ - Hàng nhập khẩu,106.0,0,106.0,Shop 24719,OEM,3.0,0,0,0.0,0.0,0,0,0,0,0,0,https://tiki.vn/tang-ban-di-chuot-cao-cap-chuot-choi-game-k059-phu-hop-voi-moi-game-thu-hang-nhap-khau-p35275342.html?spid=35472325
178,Chuột Có Dây Đầu USB Forder FD 3900P -Màu ngẫu nhiên -Hàng chính hãng,129.5,0,129.5,Công Nghệ July,Forder,0.0,0,0,0.0,0.0,0,0,0,0,0,0,https://tiki.vn/chuot-co-day-dau-usb-forder-fd-3900p-mau-ngau-nhien-hang-chinh-hang-p35827395.html?spid=49131473
179,Chuột quang có dây hình con rùa - Hàng nhập khẩu,75.579,0,75.579,Vivu Shopping,OEM,1.0,Tem bảo hành,Bảo hành bởi nhà bán hàng thông qua Tiki,0.0,0.0,0,0,0,0,0,0,https://tiki.vn/chuot-quang-co-day-hinh-con-rua-hang-nhap-khau-p33326076.html?spid=55697480
180,Chuột Mitsumi 6603 USB (Đen) - Hàng Chính Hãng,149.0,0,149.0,Nova Computer,Mitsum,12.0,Tem bảo hành,Bảo hành chính hãng,0.0,0.0,0,0,0,0,0,0,https://tiki.vn/chuot-mitsumi-6603-usb-den-hang-chinh-hang-p637045.html?spid=139449438
181,Chuột Bosston M710 LED RGB – Hàng Chính Hãng,179.0,0,179.0,HOÀNG NHÂN COMPUTER,Bossto,0.0,0,0,7.0,3.0,1.0,0,0,1,0,0,https://tiki.vn/chuot-bosston-m710-led-rgb-hang-chinh-hang-p11620564.html?spid=48490756
182,Chuột Bosston M710 LED RGB - Hàng Nhập Khẩu,179.0,0,179.0,HOÀNG NHÂN COMPUTER,Bossto,0.0,0,0,11.0,4.0,1.0,0,1,0,0,0,https://tiki.vn/chuot-bosston-m710-led-rgb-hang-nhap-khau-p22479055.html?spid=12093531
183,Chuột có dây Earldom ET-KM1 cao cấp - Hàng nhập khẩu,170.0,0.05,161.5,DANATA STORE,Earldom,12.0,Tem bảo hành,Bảo hành bởi nhà bán hàng thông qua Tiki,0.0,0.0,0,0,0,0,0,0,https://tiki.vn/chuot-co-day-earldom-et-km1-cao-cap-hang-nhap-khau-p76379620.html?spid=76379621
184,Chuột Có Dây P.DA,179.0,0,179.0,Công Nghệ Việt Anh,OEM,3.0,Tem bảo hành,Bảo hành bởi nhà bán hàng thông qua Tiki,0.0,0.0,0,0,0,0,0,0,https://tiki.vn/chuot-co-day-p-da-p105188232.html?spid=138830085
185,CHUỘT QUANG CÓ DÂY KAKU-357 - HÀNG CHÍNH HÃNG,69.0,0,69.0,CỬA HÀNG TB VIỄN THÔNG,Kak,0.0,0,0,2.0,2.0,1.0,0,0,0,1,0,https://tiki.vn/chuot-quang-co-day-kaku-357-hang-chinh-hang-p106887810.html?spid=106887819
186,Chuột có dây Newmen M201 Optical USB _Hàng chính hãng,149.0,0,149.0,TIN HỌC THÀNH NHÂN,Newme,12.0,Điện tử,Bảo hành chính hãng,0.0,0.0,0,0,0,0,0,0,https://tiki.vn/chuot-co-day-newmen-m201-optical-usb-_hang-chinh-hang-p16255897.html?spid=56459002
187,Chuột Fuhlen L102 Optical Black USB - Hàng Chính Hãng,120.0,0,120.0,QKSHOP THẾ GIỚI PHỤ KIỆN,Fuhle,12.0,Hóa đơn,Bảo hành bởi nhà bán hàng thông qua Tiki,0.0,0.0,0,0,0,0,0,0,https://tiki.vn/chuot-fuhlen-l102-optical-black-usb-hang-chinh-hang-p121006033.html?spid=121006034
188,Chuột Không Dây OT.2,249.0,0,249.0,Công Nghệ Việt Anh,OEM,3.0,Tem bảo hành,Bảo hành bởi nhà bán hàng thông qua Tiki,0.0,0.0,0,0,0,0,0,0,https://tiki.vn/chuot-khong-day-ot-2-p105188187.html?spid=138828427
189,"{SIÊU RẺ} Chuột Game Có Dây LED đổi màu cực đẹp chuyên gaming, dây siêu bền, chỉnh được dpi mẫu mới 2020 -DC4245",99.0,0,99.0,Gu Công Nghệ 24h,OEM,1.0,Tem bảo hành,Bảo hành bởi nhà bán hàng thông qua Tiki,0.0,0.0,0,0,0,0,0,0,https://tiki.vn/sieu-re-chuot-game-co-day-led-doi-mau-cuc-dep-chuyen-gaming-day-sieu-ben-chinh-duoc-dpi-mau-moi-2020-dc4245-p84131211.html?spid=109165318
190,Chuột văn phòng có dây M100,194.0,0,194.0,HOÀNG NHÂN COMPUTER,OEM,0.0,0,0,0.0,0.0,0,0,0,0,0,0,https://tiki.vn/chuot-van-phong-co-day-m100-p29469304.html?spid=50479138
191,Chuột có dây Mitsumi 6703 - Hàng chính hãng,200.0,0,200.0,MÁY TÍNH BẢO AN,Mitsum,36.0,Tem bảo hành,Bảo hành bởi nhà bán hàng thông qua Tiki,0.0,0.0,0,0,0,0,0,0,https://tiki.vn/chuot-co-day-mitsumi-6703-hang-chinh-hang-p139741990.html?spid=139741991
192,Chuột Gaming Dây Văn Phòng T-Wolf V13 - Hàng Chính Hãng,90.0,0,90.0,TWolf Computer,-WOLF,0.0,0,0,0.0,0.0,0,0,0,0,0,0,https://tiki.vn/chuot-gaming-day-van-phong-t-wolf-v13-hang-chinh-hang-p105275189.html?spid=105275193
193,Chuột có dây Golden Field MG108 - Hàng Chính Hãng,80.0,0,80.0,,Golden Field,0.0,0,0,0.0,0.0,0,0,0,0,0,0,https://tiki.vn/chuot-co-day-golden-field-mg108-hang-chinh-hang-p16259539.html?spid=20704152
194,CHUỘT LED THỜI TRANG S600 - giao màu ngẫu nhiên - 1 cái,95.0,0,95.0,linhkien1984,OEM,0.0,0,0,0.0,0.0,0,0,0,0,0,0,https://tiki.vn/chuot-led-thoi-trang-s600-giao-mau-ngau-nhien-1-cai-p135628110.html?spid=135628111
195,Chuột Có Dây Bosston X15 1200DPI - Hàng Chính Hãng,99.0,0.09,89.9,,Bossto,0.0,0,0,6.0,5.0,1.0,1,0,0,0,0,https://tiki.vn/chuo-t-co-day-bosston-x15-1200dpi-hang-chinh-hang-p2883923.html?spid=56341301
196,Chuột Có Dây Mouse TWOLF M4 LED 7 MÀU - Hàng Chính Hãng,139.0,0,139.0,TWolf Computer,-WOLF,0.0,0,0,0.0,0.0,0,0,0,0,0,0,https://tiki.vn/chuot-co-day-mouse-twolf-m4-led-7-mau-hang-chinh-hang-p105275637.html?spid=105275638
197,Chuột Bosston GM600 - Hàng Nhập Khẩu,75.0,0,75.0,AIG MediaTech,Bossto,12.0,Tem bảo hành,Bảo hành chính hãng,0.0,0.0,0,0,0,0,0,0,https://tiki.vn/chuot-bosston-gm600-hang-nhap-khau-p21383449.html?spid=68402639
198,Chuột Led Đổi Màu Cực Đẹp,35.0,0,35.0,LONG VIỆT Store,OEM,0.0,0,0,0.0,0.0,0,0,0,0,0,0,https://tiki.vn/chuot-led-doi-mau-cuc-dep-p111483554.html?spid=111483563
199,CHUỘT CÓ DÂY EARLDOM-HÀNG CHÍNH HÃNG,100.0,0,100.0,Tuyền mobile định hoá thái nguyên,Earldom,0.0,0,0,0.0,0.0,0,0,0,0,0,0,https://tiki.vn/chuot-co-day-earldom-hang-chinh-hang-p125004600.html?spid=125004601
200,"Chuột quang kiểu dáng Handy Vertical chóng mỏi, tích hợp 6 nút chức năng - Handy Vertical Mouse Actto MSC-185 - Hàng chính hãng",389.0,0.23,299.0,THẾ GIỚI SIM SSIM,ACTTO,12.0,Phiếu bảo hành,Bảo hành chính hãng,0.0,0.0,0,0,0,0,0,0,https://tiki.vn/chuot-quang-kieu-dang-handy-vertical-chong-moi-tich-hop-6-nut-chuc-nang-handy-vertical-mouse-actto-msc-185-hang-chinh-hang-p56203202.html?spid=113500560
201,Chuột có dây Golden Field MG108 - Hàng Chính Hãng,85.0,0,85.0,Máy Tính Bảo Minh,Golden Field,12.0,Tem bảo hành,Bảo hành chính hãng,0.0,0.0,0,0,0,0,0,0,https://tiki.vn/chuot-co-day-golden-field-mg108-hang-chinh-hang-p16387882.html?spid=32402567
202,"Chuột NEWMEN N3000 Led RGB, 4200DPI, Phím bấm Omron - Hàng chính hãng",359.0,0,359.0,AChauComputer,Newme,24.0,Tem bảo hành,Bảo hành chính hãng,0.0,0.0,0,0,0,0,0,0,https://tiki.vn/chuot-newmen-n3000-led-rgb-4200dpi-phim-bam-omron-hang-chinh-hang-p104070211.html?spid=104070217
203,Chuột quang có dây EIPLN cổng USB - hàng nhập khẩu,85.0,0,85.0,Cửa Hàng Nam Phương Bạc Liêu,EIPLN,3.0,Tem bảo hành,Bảo hành bởi nhà bán hàng thông qua Tiki,0.0,0.0,0,0,0,0,0,0,https://tiki.vn/chuot-quang-co-day-eipln-cong-usb-hang-nhap-khau-p44528697.html?spid=44528698
204,Bộ chuột quang có dây cho game thủ tặng miếng lót chuột,117.0,0,117.0,EuroDecor,OEM,0.0,0,0,0.0,0.0,0,0,0,0,0,0,https://tiki.vn/bo-chuot-quang-co-day-cho-game-thu-tang-mieng-lot-chuot-p98735853.html?spid=98735856
205,"Chuột NEWMEN M180 - Giá cực tốt, hiệu năng khá, thiết kế thân thiện -Hàng Chính Hãng",109.0,0,109.0,Bảo Sơn Computer,Newme,0.0,0,0,0.0,0.0,0,0,0,0,0,0,https://tiki.vn/chuot-newmen-m180-gia-cuc-tot-hieu-nang-kha-thiet-ke-than-thien-p125840138.html?spid=125840140
206,Chuột NEWMEN GX5 Plus có dây ( BM-01627) - Hàng chính hãng,550.0,0,550.0,Công Nghệ Bình Minh,Newme,0.0,0,0,0.0,0.0,0,0,0,0,0,0,https://tiki.vn/chuot-newmen-gx5-plus-co-day-bm-01627-hang-chinh-hang-p123151943.html?spid=123151945
207,Chuột LED Có Dây Bosston R30A - Hàng Nhập Khẩu,250.0,0,250.0,Allmall,Bossto,0.0,0,0,0.0,0.0,0,0,0,0,0,0,https://tiki.vn/chuot-led-co-day-bosston-r30a-hang-nhap-khau-p21108486.html?spid=66568413
208,Chuột Quang USB Có Dây Motospeed F12 - Hành Chính Hãng,120.0,0,120.0,Lê Toàn Computer,Motospeed,12.0,Tem bảo hành,Bảo hành bởi nhà bán hàng thông qua Tiki,0.0,0.0,0,0,0,0,0,0,https://tiki.vn/chuot-quang-usb-co-day-motospeed-f12-hanh-chinh-hang-p93206338.html?spid=137956248
209,Chuột có dây Fuhlen L102 - Hàng chính hãng,170.0,0,170.0,Edragaming,Fuhle,0.0,0,0,0.0,0.0,0,0,0,0,0,0,https://tiki.vn/chuot-co-day-fuhlen-l102-tem-ninza-chinh-hang-bao-hanh-24-thang-p133138331.html?spid=133138337
210,"Chuột Có Dây Newmen M007 (Đen) - Chuột Văn Phòng, Chống Rơi Vỡ - HÀNG CHÍNH HÃNG",120.0,0,120.0,Bảo Sơn Computer,Newme,6.0,Hóa đơn,Bảo hành chính hãng,0.0,0.0,0,0,0,0,0,0,https://tiki.vn/chuot-co-day-newmen-m007-den-chuot-van-phong-chong-roi-vo-hang-chinh-hang-p127643794.html?spid=127643795
211,Chuột Gaming Có Dây Gaming T-Wolf V6 - Hàng Chính Hãng,180.0,0,180.0,TWolf Computer,-WOLF,0.0,0,0,0.0,0.0,0,0,0,0,0,0,https://tiki.vn/chuot-gaming-co-day-gaming-t-wolf-v6-hang-chinh-hang-p105275331.html?spid=105275335
212,LÓT CHUỘT HELLO KITTY KITTY HOUSE,40.0,0,40.0,KITTY HOUSE,OEM,0.0,0,0,0.0,0.0,0,0,0,0,0,0,https://tiki.vn/lot-chuot-hello-kitty-kitty-house-p96355029.html?spid=96355040
213,"Chuột GAMING NEWMEN GX1 led RGB, 4000DPI Max, Omron) - Hàng chính hãng",399.0,0,399.0,AChauComputer,Newme,24.0,Tem bảo hành,Bảo hành chính hãng,0.0,0.0,0,0,0,0,0,0,https://tiki.vn/chuot-gaming-newmen-gx1-led-rgb-4000dpi-max-omron-hang-chinh-hang-p104070212.html?spid=104070214
214,"Chuột GAMING NEWMEN GX1 led RGB, 4000DPI Max, Omron)",425.0,0,425.0,AChauComputer,Newme,24.0,Tem bảo hành,Bảo hành chính hãng,0.0,0.0,0,0,0,0,0,0,https://tiki.vn/chuot-gaming-newmen-gx1-led-rgb-4000dpi-max-omron-p104069623.html?spid=104069628
215,Chuột Game K2 Đèn led 7 màu tự thay đổi.,75.4,0,75.4,VI TÍNH NAM TRUNG HẢI,OEM,0.0,0,0,0.0,0.0,0,0,0,0,0,0,https://tiki.vn/chuot-game-k2-den-led-7-mau-tu-thay-doi-p84107588.html?spid=84107592
216,Chuột Văn Phòng Gấu Trúc,150.0,0,150.0,Quân Fashion Store,OEM,6.0,Tem bảo hành,Bảo hành bởi nhà bán hàng thông qua Tiki,0.0,0.0,0,0,0,0,0,0,https://tiki.vn/chuot-van-phong-gau-truc-p109179443.html?spid=109179464
217,Chuột Newmen M201 Nhỏ gọn và thanh lịch - Hàng Chính Hãng,189.0,0,189.0,Hạt Gạo Store,Newme,24.0,Điện tử,Bảo hành chính hãng,0.0,0.0,0,0,0,0,0,0,https://tiki.vn/chuot-newmen-m201-nho-gon-va-thanh-lich-hang-chinh-hang-p111749664.html?spid=111749666
218,"Chuột NEWMEN N3000 Led RGB, 4200DPI, Phím bấm Omron - Hàng chính hãng",365.0,0,365.0,AChauComputer,Newme,0.0,0,0,0.0,0.0,0,0,0,0,0,0,https://tiki.vn/chuot-newmen-n3000-led-rgb-4200dpi-phim-bam-omron-hang-chinh-hang-p104070033.html?spid=104070040
219,Chuột có dây Fuhlen L102 hàng chính hãng bảo hành 24 tháng,140.0,0,140.0,Non,Fuhle,0.0,0,0,0.0,0.0,0,0,0,0,0,0,https://tiki.vn/chuot-co-day-fuhlen-l102-hang-chinh-hang-bao-hanh-24-thang-p143667062.html?spid=143667067
220,"CHUỘT Newmen G10+ Yellow Black Mouse ( VÀNG ,ĐEN )_ HÀNG CHÍNH HÃNG",155.0,0,155.0,Tân Doanh,Newme,24.0,Tem bảo hành,Bảo hành bởi nhà bán hàng thông qua Tiki,0.0,0.0,0,0,0,0,0,0,https://tiki.vn/chuot-newmen-g10-yellow-black-mouse-vang-den-_-hang-chinh-hang-p139987821.html?spid=139987822
221,Chuột Có Dây Dareu LM130 - Hàng Nhập Khẩu,130.0,0,130.0,Phân Phối Phụ Kiện,DareU,0.0,0,0,0.0,0.0,0,0,0,0,0,0,https://tiki.vn/chuot-co-day-dareu-lm130-hang-nhap-khau-p26170127.html?spid=52130563
222,Chuột led M336,124.8,0,124.8,VI TÍNH NAM TRUNG HẢI,OEM,0.0,0,0,0.0,0.0,0,0,0,0,0,0,https://tiki.vn/chuot-led-m336-p84107313.html?spid=84107315
223,Chuột V2 Led 7 Màu Game độ phân giải lên đến 4000 dpi,175.5,0,175.5,HOÀNG NHÂN COMPUTER,OEM,0.0,0,0,0.0,0.0,0,0,0,0,0,0,https://tiki.vn/chuot-v2-led-7-mau-game-do-phan-giai-len-den-4000-dpi-p96100575.html?spid=96100633
224,Chuột Gaming Có Dây Văn Phòng T-Wolf V12 - Hàng Chính Hãng,79.0,0,79.0,TWolf Computer,eamwolf,0.0,0,0,0.0,0.0,0,0,0,0,0,0,https://tiki.vn/chuot-gaming-co-day-van-phong-t-wolf-v12-hang-chinh-hang-p105275629.html?spid=105275632
225,CHUỘT SIMETECH LED X1S-Hàng Chính Hãng,95.0,0,95.0,Thiên Lãng PC,Simetec,0.0,0,0,0.0,0.0,0,0,0,0,0,0,https://tiki.vn/chuot-simetech-led-x1s-p139013560.html?spid=139013561
226,CHUỘT CÓ DÂY MIXIE M02 - HÀNG CHÍNH HÃNG,125.0,0,125.0,TECH 1988,MIXIE,12.0,Tem bảo hành,Bảo hành chính hãng,0.0,0.0,0,0,0,0,0,0,https://tiki.vn/chuot-co-day-mixie-m02-hang-chinh-hang-p58267814.html?spid=58267815
227,Chuột có dây HP 1000 Wired Mouse A/P_4QM14AA - Hàng Chính Hãng,119.0,0,119.0,HP Official Store,HP,12.0,0,0,365.0,4.7,74.0,56,14,2,1,1,https://tiki.vn/chuot-vi-tinh-hp-1000-wired-mouse-a-p_4qm14aa-hang-chinh-hang-p44238014.html?spid=44238015
228,Chuột quang có dây Genius DX-150X - Hàng chính hãng,120.0,0,120.0,SingPC Official Store,Genius,12.0,Tem bảo hành,Bảo hành chính hãng,0.0,0.0,0,0,0,0,0,0,https://tiki.vn/chuot-quang-co-day-genius-dx-150x-hang-chinh-hang-p141368141.html?spid=141368154
229,Chuột Gaming Dây T-Wolf G510 - Hàng Chính Hãng,150.0,0,150.0,TWolf Computer,-WOLF,0.0,0,0,0.0,0.0,0,0,0,0,0,0,https://tiki.vn/chuot-gaming-day-t-wolf-g510-hang-chinh-hang-p105275239.html?spid=105275244
230,Chuột FC122 dành cho văn phòng,120.0,0,120.0,Thiên Lãng PC,OEM,0.0,0,0,0.0,0.0,0,0,0,0,0,0,https://tiki.vn/chuot-fc122-p139013636.html?spid=139013637
231,CHUỘT SIMETECH X2 VĂN PHÒNG MỚI-Hàng Chính Hãng,85.0,0,85.0,Thiên Lãng PC,Simetec,0.0,0,0,0.0,0.0,0,0,0,0,0,0,https://tiki.vn/chuot-simetech-x2-van-phong-moi-p139013481.html?spid=139013484
232,Chuột có dây Konig KM68 - Hàng Chính Hãng,75.0,0,75.0,PADO68,Ko,12.0,Tem bảo hành,Bảo hành bởi nhà bán hàng thông qua Tiki,0.0,0.0,0,0,0,0,0,0,https://tiki.vn/chuot-co-day-konig-km68-hang-chinh-hang-p16867584.html?spid=142784491
233,Chuột quang có dây Genius DX-110 - Hàng chính hãng,90.0,0,90.0,SingPC Official Store,Genius,11.0,Tem bảo hành,Bảo hành chính hãng,0.0,0.0,0,0,0,0,0,0,https://tiki.vn/chuot-quang-co-day-genius-dx-110-hang-chinh-hang-p143968503.html?spid=143968508
234,Chuột quang có dây cao cấp,165.0,0,165.0,Gian Hàng Việt,OEM,0.0,0,0,1.0,3.0,1.0,0,0,1,0,0,https://tiki.vn/chuot-quang-co-day-cao-cap-p66610875.html?spid=66610876
235,Chuột PC Có Dây Văn Phòng FOREV FV132 - Hàng Chính Hãng,90.0,0,90.0,TWolf Computer,FOREV,0.0,0,0,0.0,0.0,0,0,0,0,0,0,https://tiki.vn/chuot-pc-co-day-van-phong-forev-fv132-hang-chinh-hang-p105275620.html?spid=105275625
236,Chuột có dây Ajazz X1180 - Hàng chính hãng,200.0,0.36,129.0,Phụ Kiện Thông Minh Global,Ajazz,24.0,Tem bảo hành,Bảo hành chính hãng,0.0,0.0,0,0,0,0,0,0,https://tiki.vn/chuot-co-day-ajazz-x1180-hang-chinh-hang-p135273157.html?spid=135273158
237,Chuột Có Dây T-WOLF G530 Dành Cho Game Thủ - Hàng Chính Hãng,189.0,0,189.0,TWolf Computer,-WOLF,0.0,0,0,0.0,0.0,0,0,0,0,0,0,https://tiki.vn/chuot-co-day-t-wolf-g530-danh-cho-game-thu-hang-chinh-hang-p105275639.html?spid=105275640
238,CHUỘT QUANG CÓ DÂY X-TECH TM-M3167cổng USB - Hàng chính hãng,83.0,0,83.0,MÁY TÍNH HƯNG THỊNH,Extec,0.0,0,0,0.0,0.0,0,0,0,0,0,0,https://tiki.vn/chuot-quang-co-day-x-tech-tm-m3167cong-usb-hang-chinh-hang-p26424828.html?spid=26424829
239,Chuột Mitsumi S6703 hàng chính hãng,110.0,0,110.0,CỬA HÀNG MÁY TÍNH NGUYỄN NHUNG,Mitsum,6.0,Điện tử,Bảo hành chính hãng,2.0,4.0,1.0,0,1,0,0,0,https://tiki.vn/chuot-mitsumi-s6703-hang-chinh-hang-p106065650.html?spid=106065651
240,Chuột Văn Phòng Có Dây Hình Chú Gấu Đáng Yêu,159.0,0.05,151.05,,OEM,3.0,Tem bảo hành,Bảo hành bởi nhà bán hàng thông qua Tiki,0.0,0.0,0,0,0,0,0,0,https://tiki.vn/chuot-van-phong-co-day-hinh-chu-gau-dang-yeu-p107935617.html?spid=107935621
241,Chuột quang có dây Genius DX-180 - Hàng chính hãng,172.0,0,172.0,SingPC Official Store,Genius,12.0,Tem bảo hành,Bảo hành chính hãng,0.0,0.0,0,0,0,0,0,0,https://tiki.vn/chuot-quang-co-day-genius-dx-180-hang-chinh-hang-p144059801.html?spid=144059802
242,Chuột Gaming Dây Văn Phòng T-Wolf V3 - Hàng Chính Hãng,105.0,0,105.0,TWolf Computer,-WOLF,0.0,0,0,0.0,0.0,0,0,0,0,0,0,https://tiki.vn/chuot-gaming-day-van-phong-t-wolf-v3-hang-chinh-hang-p105275247.html?spid=105275251
243,"Giá Đỡ Laptop Hợp Kim Nhôm Cao Cấp Có Thể Gấp Gọn, Giúp Tản Nhiệt Laptop, Macbook, Máy Tính Xách Tay. 07 Vị Trí Điều Chỉnh Góc Độ. Hàng Chính Hãng Tamayoko FS060",250.0,0.18,204.0,Future Store,amayoko,12.0,Hóa đơn,Bảo hành bởi nhà bán hàng thông qua Tiki,1000.0,4.8,814.0,676,122,10,2,4,https://tiki.vn/gia-do-laptop-hop-kim-nhom-cao-cap-co-the-gap-gon-giup-tan-nhiet-laptop-macbook-may-tinh-xach-tay-07-vi-tri-dieu-chinh-goc-do-hang-chinh-hang-tamayoko-fs060-p72796676.html?spid=72796677
244,Giá đỡ laptop nhôm có thể gấp gọn dành cho Macbook Ipad Surface và máy tính xách tay,199.0,0.35,129.0,HOÀNG NHÂN COMPUTER,OEM,0.0,0,0,575.0,4.6,149.0,106,32,7,1,3,https://tiki.vn/gia-do-laptop-nhom-co-the-gap-gon-danh-cho-macbook-ipad-surface-va-may-tinh-xach-tay-p52945747.html?spid=104270009
245,Máy Tính Khoa Học Casio FX-580VN X,650.0,0,650.0,Tiki Trading,Casio,84.0,Điện tử,Bảo hành chính hãng,1000.0,4.8,4945.0,4338,431,63,37,76,https://tiki.vn/may-tinh-khoa-hoc-casio-fx-580vn-x-p3014291.html?spid=3014293
246,"Giá Đỡ Laptop Hợp Kim Nhôm Cao Cấp Có Thể Gấp Gọn - Đế Tản Nhiệt Laptop - Macbook, Máy Tính Xách Tay - 07 Vị Trí Điều Chỉnh Góc Độ - Hàng Chính Hãng - VinBuy",235.0,0.28,169.0,,VinBuy,0.0,0,0,338.0,4.5,127.0,90,21,9,3,4,https://tiki.vn/gia-do-laptop-hop-kim-nhom-cao-cap-co-the-gap-gon-de-tan-nhiet-laptop-macbook-may-tinh-xach-tay-07-vi-tri-dieu-chinh-goc-do-hang-chinh-hang-vinbuy-p75082841.html?spid=75082842
247,"Giá Đỡ Máy Tính, Laptop, iPad, Macbook Hợp Kim Nhôm Cao Cấp. Hỗ Trợ Tản Nhiệt Chống Mỏi Cổ, Vai, Gáy. Hàng Chính Hãng Tamayoko",500.0,0.11,444.0,Future Store,amayoko,0.0,0,0,1000.0,4.9,398.0,354,36,4,4,0,https://tiki.vn/gia-do-may-tinh-laptop-ipad-macbook-hop-kim-nhom-cao-cap-ho-tro-tan-nhiet-chong-moi-co-vai-gay-hang-chinh-hang-tamayoko-p72880512.html?spid=72880513
248,Máy Tính CASIO FX580VN X,657.0,0.12,578.9,Nhà sách Fahasa,Casio,0.0,0,0,727.0,4.9,154.0,143,7,2,0,2,https://tiki.vn/may-tinh-casio-fx580vn-x-p104769768.html?spid=107005518
249,"Dây Cáp Dù Lõi HDMI 2.1 8K 48Gbps, 4K 165Hz Dài 2M CHOETECH XHH01 Dùng Cho Tivi/ Máy Tính/ Playstaysion - Hàng Chính Hãng",390.0,0.46,211.0,,CHOETECH,18.0,Điện tử,Bảo hành bởi nhà bán hàng thông qua Tiki,466.0,4.8,124.0,107,16,0,0,1,https://tiki.vn/day-cap-du-loi-hdmi-2-1-8k-48gbps-4k-120hz-dai-2m-choetech-xhh01-dung-cho-tivi-may-tinh-playstaysion-hang-chinh-hang-p88798139.html?spid=88798140
250,"Giá Đỡ Để Bàn Dành Cho Máy Tính Bảng, Ipad T003 - Chất Liệu Hợp Kim Nhôm Cao Cấp Hàng Chính Hãng Tamayoko",349.0,0.05,331.55,Tamayoko Official,amayoko,12.0,Hóa đơn,Bảo hành bởi nhà bán hàng thông qua Tiki,318.0,4.8,110.0,94,14,1,0,1,https://tiki.vn/gia-do-de-ban-danh-cho-may-tinh-bang-ipad-t003-chat-lieu-hop-kim-nhom-cao-cap-hang-chinh-hang-tamayoko-p112734786.html?spid=112734788
251,Màn hình máy tính Dell Ultrasharp U2422H 23.8 inch FHD USB TypeC - Hàng Chính Hãng,6700.0,0,6700.0,Tiki Trading,Dell,36.0,Hóa đơn,Bảo hành chính hãng,383.0,4.6,131.0,103,13,6,3,6,https://tiki.vn/man-hinh-may-tinh-dell-ultrasharp-u2422h-23-8-inch-fhd-usb-typec-hang-chinh-hang-p106375760.html?spid=110739477
252,"Đế tản nhiệt laptop, máy tính xách tay H9 có đèn LED 6 quạt giúp làm mát nhanh bảo vệ máy tính mà không gây ồn",399.0,0.31,274.0,Best buy,OEM,12.0,Hóa đơn,Bảo hành bởi nhà bán hàng thông qua Tiki,602.0,0.0,0,0,0,0,0,0,https://tiki.vn/de-tan-nhiet-laptop-may-tinh-xach-tay-h9-co-den-led-6-quat-giup-lam-mat-nhanh-bao-ve-may-tinh-ma-khong-gay-on-p78940158.html?spid=78940159
